id,hire date
6755,4/9/2017
6885,5/9/2015
8471,28/11/2014
7209,30/5/2017
5644,24/3/2015
7405,26/5/2014
5692,4/6/2016
7948,19/11/2014
7777,31/12/2014
6446,6/8/2017
5983,21/9/2015
8516,19/12/2017
7630,30/1/2016
7410,15/6/2017
8962,8/8/2014
6550,19/8/2014
6914,14/6/2014
6227,27/9/2016
5572,5/11/2016
7264,24/11/2017
7548,16/8/2015
5556,29/6/2017
8029,10/6/2017
8549,16/4/2017
8379,12/4/2014
8517,13/8/2016
8848,28/10/2014
7927,20/9/2014
7377,30/3/2014
8885,20/11/2015
8580,3/12/2016
7015,17/10/2016
8737,20/11/2015
6668,11/6/2017
6003,7/7/2017
5988,9/12/2017
6522,16/4/2015
6979,10/10/2016
6691,9/11/2014
6640,6/5/2017
5583,17/2/2017
8539,20/6/2014
5984,8/4/2016
7655,13/1/2017
7674,30/11/2015
6461,14/7/2015
7935,21/1/2017
8766,24/11/2016
7197,8/11/2016
8447,9/4/2016
8410,25/8/2017
7317,1/5/2017
8771,6/9/2016
5559,23/9/2017
7122,4/7/2016
7178,6/2/2017
7277,1/3/2015
7649,30/5/2017
6037,13/11/2015
8468,27/3/2017
7960,26/3/2017
8673,16/9/2016
8146,28/6/2015
6821,8/12/2017
8090,22/9/2017
8653,19/1/2014
7415,2/10/2017
6334,19/9/2017
5691,3/3/2014
6938,23/4/2017
,
,
,
,
,
,
,
,
,
,
,
,
,
,
,
,
,
,
,
,
,
,
,
,
,
,
,
,
,
,
,
,
,
,
,
,
,
,
,
,
,
,
,
,
,
,
,
,
,
,
,
,
,
,
,
,
,
,
,
,
,
