Country,Time,GDP,Population,BusinessScore,RailLines,Passengers,Arrivals
Afghanistan,2013,20564485419,31541209,,,,
Afghanistan,2014,20550582747,32716210,,,,
Afghanistan,2015,19998143636,33753499,39.25519,,,
Afghanistan,2016,18019554403,34636207,38.93563,,,
Afghanistan,2017,18896353156,35643418,37.13062,,,
Afghanistan,2018,18418860354,36686784,44.20343,,,
Afghanistan,2019,18904502222,37769499,44.06497,,,
Albania,2013,12776224537,2895092,,,12,3256000
Albania,2014,13228147516,2889104,,,7.714,3673000
Albania,2015,11386853143,2880703,58.07559,,6.99,4131000
Albania,2016,11861199831,2876101,64.16093,,3.2,4736000
Albania,2017,13019726212,2873457,66.8377,,2.4,5118000
Albania,2018,15156424062,2866376,66.99561,,2.7,5927000
Albania,2019,15401826081,2854191,67.74847,,2,6406000
Algeria,2013,2.09755E+11,38000626,,,,2733000
Algeria,2014,2.1381E+11,38760168,,3799.94,1186,2301000
Algeria,2015,1.65979E+11,39543154,44.2486,3799.94,1269,1710000
Algeria,2016,1.60034E+11,40339329,46.10981,3843.17,1337,2039000
Algeria,2017,1.70097E+11,41136546,46.22686,4016.25,1550,2451000
Algeria,2018,1.74911E+11,41927007,48.49803,4016.25,1602,2657000
Algeria,2019,1.7176E+11,42705368,48.59758,4020.25,1454,2371000
American Samoa,2013,638000000,52995,,,,20799.99924
American Samoa,2014,643000000,52217,,,,21600.00038
American Samoa,2015,673000000,51368,,,,20299.99924
American Samoa,2016,671000000,50448,,,,20100.00038
American Samoa,2017,612000000,49463,,,,20000
American Samoa,2018,639000000,48424,,,,20200.00076
American Samoa,2019,647000000,47321,,,,19200.00076
Andorra,2013,3193512950,71367,,,,7676000
Andorra,2014,3271685597,71621,,,,7797000
Andorra,2015,2789881259,71746,,,,7850000
Andorra,2016,2896610480,72540,,,,8025000
Andorra,2017,3000162081,73837,,,,8152000
Andorra,2018,3218419897,75013,,,,8328000
Andorra,2019,3155149348,76343,,,,8235000
Angola,2013,1.33402E+11,26147002,,,,650000
Angola,2014,1.37244E+11,27128337,,,,595000
Angola,2015,87219300385,28127721,37.57368,,,592000
Angola,2016,49840491178,29154746,37.65132,,,397000
Angola,2017,68972769396,30208628,39.00774,,,261000
Angola,2018,77792944472,31273533,41.20205,,,218000
Angola,2019,69309110146,32353588,41.28838,,,218000
Antigua and Barbuda,2013,1181448148,88497,,,,777000
Antigua and Barbuda,2014,1249733333,89236,,,,771000
Antigua and Barbuda,2015,1336692593,89941,59.23927,,,894000
Antigua and Barbuda,2016,1436585185,90564,58.80632,,,874000
Antigua and Barbuda,2017,1467955556,91119,59.79669,,,1040000
Antigua and Barbuda,2018,1604770370,91626,59.85514,,,1064000
Antigua and Barbuda,2019,1675403704,92117,60.28342,,,1035000
Argentina,2013,5.52025E+11,42202935,,18097,5035.001823,6510000
Argentina,2014,5.2632E+11,42669500,,18097,5733.577016,7165000
Argentina,2015,5.94749E+11,43131966,56.73295,,6883.565231,6816000
Argentina,2016,5.57532E+11,43590368,57.2443,17609,8065.368464,6668000
Argentina,2017,6.43628E+11,44044811,57.31005,17609,8360.782022,6711000
Argentina,2018,5.2482E+11,44494502,58.18388,17866,,6942000
Argentina,2019,4.47755E+11,44938712,58.96151,17866,,7399000
Armenia,2013,11121464430,2901385,,,55,1084000
Armenia,2014,11609513241,2889930,,703.2,52,1204000
Armenia,2015,10553337528,2878595,69.1418,703.2,44,1192000
Armenia,2016,10546136240,2865835,70.63154,679.363,50,1260000
Armenia,2017,11527458713,2851923,71.49433,685.66,55,1495000
Armenia,2018,12457940705,2836557,73.19187,698.4,,1652000
Armenia,2019,13619290546,2820602,74.49401,698.4,,1894000
Aruba,2013,2727932961,102880,,,,1667000
Aruba,2014,2791061453,103594,,,,1739000
Aruba,2015,2963128492,104257,,,,1832000
Aruba,2016,2983798883,104874,,,,1758000
Aruba,2017,3092178771,105439,,,,1863000
Aruba,2018,3276187710,105962,,,,1897000
Aruba,2019,3395793855,106442,,,,1951000
Australia,2013,1.57633E+12,23128129,,,15543.66784,6482000
Australia,2014,1.46759E+12,23475686,,,15571.08331,6922000
Australia,2015,1.35058E+12,23815995,80.38389,,16016.86065,7449000
Australia,2016,1.20656E+12,24190907,80.22369,,16503.75857,8269000
Australia,2017,1.32647E+12,24594202,80.76007,,17039.19373,8815000
Australia,2018,1.42827E+12,24966643,80.70552,,18020.93447,9246000
Australia,2019,1.39222E+12,25340217,81.21506,,18841.83167,9466000
Austria,2013,4.30191E+11,8479823,,4950,11915,24813000
Austria,2014,4.42585E+11,8546356,,4956,12092,25291000
Austria,2015,3.81971E+11,8642699,78.81665,4937,12208,26728000
Austria,2016,3.95837E+11,8736668,78.85646,4917,12578,28121000
Austria,2017,4.17261E+11,8797566,78.70694,4953,12656.7,29460000
Austria,2018,4.54991E+11,8840521,78.73995,4955,13204.7,30816000
Austria,2019,4.44621E+11,8879920,78.74549,4968,13350,31884000
Azerbaijan,2013,74160553009,9416801,,2068.1,609,2509000
Azerbaijan,2014,75239737489,9535079,,2066.4,612,2298000
Azerbaijan,2015,53076244755,9649341,65.7606,2067.8,495,2006000
Azerbaijan,2016,37867007023,9757812,64.56339,2074,448,2249000
Azerbaijan,2017,40866632048,9854033,67.13946,2132,467,2697000
Azerbaijan,2018,47112479289,9939771,73.8979,2133.07,466,2850000
Azerbaijan,2019,48174235294,10024283,78.50823,2139.87,544,3170000
"Bahamas, The",2013,10562800000,385650,,,,6151000
"Bahamas, The",2014,11176100000,389131,,,,6320000
"Bahamas, The",2015,11672900000,392697,57.10881,,,6112000
"Bahamas, The",2016,11750800000,395976,56.94715,,,6265000
"Bahamas, The",2017,12253500000,399020,58.61968,,,6136000
"Bahamas, The",2018,12653600000,401906,59.38844,,,6622000
"Bahamas, The",2019,13058700000,404557,59.87155,,,7250000
Bahrain,2013,32539468085,1261673,,,,9163000
Bahrain,2014,33387712766,1311134,,,,10452000
Bahrain,2015,31050638298,1362142,66.6415,,,9670000
Bahrain,2016,32234973404,1409661,68.7147,,,10158000
Bahrain,2017,35473776596,1456834,69.09366,,,11374000
Bahrain,2018,37802005319,1487340,70.13951,,,12045000
Bahrain,2019,38653318085,1494188,76.02665,,,11061000
Bangladesh,2013,1.49991E+11,154030139,,2877,8253,104000
Bangladesh,2014,1.72885E+11,155961299,,2791,8135,134000
Bangladesh,2015,1.95079E+11,157830000,40.90786,2877,8711,126000
Bangladesh,2016,2.65236E+11,159784568,41.01625,2877,10040,182000
Bangladesh,2017,2.93755E+11,161793964,41.5632,2877,,237000
Bangladesh,2018,3.21379E+11,163683958,42.46602,2877,,267000
Bangladesh,2019,3.51238E+11,165516222,45.04865,2877,,323000
Barbados,2013,4677248300,276865,,,,1079000
Barbados,2014,4696344350,277493,,,,1079000
Barbados,2015,4724691200,278083,57.67895,,,1179000
Barbados,2016,4832811750,278649,57.76071,,,1227000
Barbados,2017,4981588900,279187,57.67127,,,1345000
Barbados,2018,5097283200,279688,57.6745,,,1356000
Barbados,2019,5324250000,280180,57.90615,,,966000
Belarus,2013,75527537703,9443211,,5469,8998,6242000
Belarus,2014,78812785768,9448515,,5470,7796,5375000
Belarus,2015,56454895055,9461076,68.72922,5470,7117,4386000
Belarus,2016,47723549319,9469379,72.62337,5459,6428,10935000
Belarus,2017,54725311690,9458989,73.57749,5459,6295,11060000
Belarus,2018,60031163987,9438785,74.35306,5459,6215.3,11502000
Belarus,2019,64410112583,9419758,74.29113,5459.2,6274.1,11832000
Belgium,2013,5.21791E+11,11159407,,,10595,7684000
Belgium,2014,5.3539E+11,11209057,,3631,10974,7887000
Belgium,2015,4.62336E+11,11274196,72.42806,3607,10333,8355000
Belgium,2016,4.76063E+11,11331422,72.4092,3602,10025,7481000
Belgium,2017,5.02765E+11,11375158,72.18146,3605,10167,8385000
Belgium,2018,5.43299E+11,11427054,74.74503,3607,10500,9119000
Belgium,2019,5.35866E+11,11488980,74.98904,3615,10849,9343000
Belize,2013,2029500000,344688,,,,1022000
Belize,2014,2138000000,352335,,,,1289000
Belize,2015,2210500000,359871,55.36697,,,1299000
Belize,2016,2258500000,367313,55.36968,,,1391000
Belize,2017,2286000000,374693,55.27374,,,1441000
Belize,2018,2315000000,382066,55.28901,,,1697000
Belize,2019,2416500000,389095,55.47444,,,1674000
Benin,2013,12517845128,10308730,,,,252000
Benin,2014,13284527850,10614844,,,,265000
Benin,2015,11388160997,10932783,48.65854,,,279000
Benin,2016,11821065852,11260085,49.72104,,,292000
Benin,2017,12701655846,11596779,51.57576,,,307000
Benin,2018,14262408080,11940683,51.71272,,,322000
Benin,2019,14391686309,12290444,52.40404,,,337000
Bermuda,2013,6465756000,65001,,,,576000
Bermuda,2014,6413988000,65138,,,,580000
Bermuda,2015,6654541000,65237,,,,597000
Bermuda,2016,6899911000,64554,,,,642000
Bermuda,2017,7142316000,63873,,,,688000
Bermuda,2018,7225977000,63918,,,,766000
Bermuda,2019,7423465000,63911,,,,805000
Bhutan,2013,1756214304,728889,,,,116000
Bhutan,2014,1907090362,736357,,,,133000
Bhutan,2015,2003596824,743274,64.86482,,,155000
Bhutan,2016,2158971718,749761,64.99022,,,210000
Bhutan,2017,2450366108,756121,65.7664,,,255000
Bhutan,2018,2446867582,762096,65.96848,,,274000
Bhutan,2019,2535655609,767459,65.97305,,,316000
Bolivia,2013,30659338886,10743349,,,,798000
Bolivia,2014,32996188017,10916987,,,,871000
Bolivia,2015,33000198249,11090085,49.75552,,,882000
Bolivia,2016,33941126194,11263015,50.2251,,,961000
Bolivia,2017,37508642171,11435533,50.97713,,,1109000
Bolivia,2018,40287647931,11606905,51.5617,,,1142000
Bolivia,2019,40895322851,11777315,51.65574,,,1239000
Bosnia and Herzegovina,2013,18179104549,3617559,,1027.054,40,529000
Bosnia and Herzegovina,2014,18558731213,3571068,,1027.054,35,536000
Bosnia and Herzegovina,2015,16404352156,3524324,64.1284,1027.054,34,678000
Bosnia and Herzegovina,2016,17116926092,3480986,64.83564,1018.054,24,778000
Bosnia and Herzegovina,2017,18326376394,3440027,65.24652,417,30,923000
Bosnia and Herzegovina,2018,20484048416,3400129,65.37254,1018.054,40,1053000
Bosnia and Herzegovina,2019,20482603346,3360711,65.44253,1018.054,55.5,1198000
Botswana,2013,14271738367,2217278,,,,
Botswana,2014,15470087926,2260376,,,,
Botswana,2015,13530749290,2305171,65.48306,886,,1660000
Botswana,2016,15082636723,2352416,65.64189,886,,1712000
Botswana,2017,16105156376,2401840,65.71078,886,,1775000
Botswana,2018,17031943186,2451409,66.17048,886,,1830000
Botswana,2019,16725908662,2499702,66.1978,886,,
Brazil,2013,2.47282E+12,201721767,,,15191,5813000
Brazil,2014,2.45604E+12,203459650,,,15901,6430000
Brazil,2015,1.80221E+12,205188205,55.61506,,15877,6306000
Brazil,2016,1.79569E+12,206859578,55.22357,,15648,6547000
Brazil,2017,2.06351E+12,208504960,55.6207,,15807,6589000
Brazil,2018,1.91693E+12,210166592,58.59449,,16422,6621000
Brazil,2019,1.87329E+12,211782878,59.08307,,16486.36,6353000
British Virgin Islands,2013,,28657,,,,366000
British Virgin Islands,2014,,28971,,,,386000
British Virgin Islands,2015,,29366,,,,393000
British Virgin Islands,2016,,29739,,,,408000
British Virgin Islands,2017,,30060,,,,335000
British Virgin Islands,2018,,30335,,,,192000
British Virgin Islands,2019,,30610,,,,302399.9939
Brunei Darussalam,2013,18094326393,411702,,,,
Brunei Darussalam,2014,17097801092,416656,,,,
Brunei Darussalam,2015,12930292949,421437,57.45747,,,
Brunei Darussalam,2016,11400467372,425994,62.85225,,,4257000
Brunei Darussalam,2017,12128182464,430276,67.68007,,,4316000
Brunei Darussalam,2018,13567164445,434274,69.63482,,,4521000
Brunei Darussalam,2019,13469240163,438048,70.06387,,,4449000
Bulgaria,2013,55844245264,7265115,,4032,1826,9192000
Bulgaria,2014,57159557805,7223938,,4023,1702,9409000
Bulgaria,2015,50828088836,7177991,72.46018,4019,1552,9317000
Bulgaria,2016,53987487124,7127822,71.59242,4029,1458,10604000
Bulgaria,2017,59343060706,7075947,71.69407,4030,1438,11596000
Bulgaria,2018,66399602077,7025037,71.80724,4030,1479,12368000
Bulgaria,2019,68911930628,6975761,71.97405,4030,1523.8,12552000
Burkina Faso,2013,13444300490,17636408,,518,,218000
Burkina Faso,2014,13943016080,18169842,,518,,191000
Burkina Faso,2015,11832159316,18718019,50.6503,518,,163000
Burkina Faso,2016,12833363044,19275498,50.92322,518,,152000
Burkina Faso,2017,14106955625,19835858,51.15106,518,,143000
Burkina Faso,2018,15890066210,20392723,51.26807,518,,144000
Burkina Faso,2019,16178161666,20951639,51.40019,518,,143000
Burundi,2013,2451606632,10149577,,,,234000
Burundi,2014,2705783330,10494913,,,,235000
Burundi,2015,3104003546,10727148,45.57052,,,131000
Burundi,2016,2644487777,10903327,45.68405,,,187000
Burundi,2017,2723586962,11155593,45.91224,,,299000
Burundi,2018,2667182199,11493472,46.47561,,,
Burundi,2019,2576518879,11874838,46.77393,,,
Cabo Verde,2013,2028910915,539940,,,,503000
Cabo Verde,2014,2041930125,546076,,,,494000
Cabo Verde,2015,1749857628,552166,53.42938,,,520000
Cabo Verde,2016,1849789993,558394,53.40924,,,598000
Cabo Verde,2017,1996741545,564954,53.98064,,,668000
Cabo Verde,2018,2205099509,571202,54.00831,,,710000
Cabo Verde,2019,2266752197,577030,55.03925,,,758000
Cambodia,2013,15227991395,14999683,,,,4210000
Cambodia,2014,16702610842,15210817,,,,4503000
Cambodia,2015,18049954289,15417523,52.87481,,,4775000
Cambodia,2016,20016747858,15624584,53.15749,,,5012000
Cambodia,2017,22177200589,15830689,53.38889,,,5602000
Cambodia,2018,24571753582,16025238,53.7971,,,6201000
Cambodia,2019,27089390033,16207746,53.84483,,,6611000
Cameroon,2013,33728621190,21632850,,,,783000
Cameroon,2014,36386544716,22299585,,,,822000
Cameroon,2015,32210233022,23012646,41.89121,,,897000
Cameroon,2016,33814337041,23711630,41.7675,1004,,994000
Cameroon,2017,36098547059,24393181,45.05227,884,262.124,1081000
Cameroon,2018,39973842059,25076747,46.00492,884,256.872,997000
Cameroon,2019,39670976440,25782341,46.09974,884,254.555,1021000
Canada,2013,1.8466E+12,35082954,,,1365,25167000
Canada,2014,1.80575E+12,35437435,,46968.6,1327,25558000
Canada,2015,1.55651E+12,35702908,79.75597,45581.6,1349,27555000
Canada,2016,1.52799E+12,36109487,79.54094,48498.4,1408,30142000
Canada,2017,1.64927E+12,36545236,79.30059,48150.4,1534,31081000
Canada,2018,1.7253E+12,37065084,79.6798,47687.4,1530,31274000
Canada,2019,1.74373E+12,37601230,79.64043,47987.47,1731,32430000
Cayman Islands,2013,4405796081,58212,,,,1721000
Cayman Islands,2014,4562853582,59559,,,,1993000
Cayman Islands,2015,4708167255,60911,,,,2102000
Cayman Islands,2016,4909322200,62255,,,,2097000
Cayman Islands,2017,5166281293,63581,,,,2147000
Cayman Islands,2018,5530178499,64884,,,,2384000
Cayman Islands,2019,5941896600,66134,,,,2334000
Central African Republic,2013,1691544111,4802428,,,,83500
Central African Republic,2014,1894813390,4798734,,,,95699.99695
Central African Republic,2015,1695825714,4819333,32.01455,,,120500
Central African Republic,2016,1825018144,4904177,31.95495,,,82000
Central African Republic,2017,2072349974,4996741,32.35174,,,107000
Central African Republic,2018,2220979145,5094780,34.83372,,,109000
Central African Republic,2019,2221301351,5209324,35.56585,,,87000
Chad,2013,12953534870,13216766,,,,97000
Chad,2014,13940767222,13697126,,,,119000
Chad,2015,10950392257,14140274,35.29956,,,120000
Chad,2016,10097778097,14592585,36.00847,,,98000
Chad,2017,10000394388,15085884,35.52606,,,87000
Chad,2018,11239167890,15604210,36.66065,,,63000
Chad,2019,11314951088,16126866,36.93568,,,81000
Channel Islands,2013,,159794,,,,
Channel Islands,2014,,160912,,,,
Channel Islands,2015,,162190,,,,
Channel Islands,2016,9511207129,163721,,,,
Channel Islands,2017,9530244530,165215,,,,
Channel Islands,2018,10422948632,167259,,,,
Channel Islands,2019,10381669645,169410,,,,
Chile,2013,2.77239E+11,17509925,,,861.780415,4457000
Chile,2014,2.59405E+11,17687108,,,662.561655,4601000
Chile,2015,2.42497E+11,17870124,71.17517,,584.365975,5487000
Chile,2016,2.49299E+11,18083879,71.58185,,582.860352,6712000
Chile,2017,2.76365E+11,18368577,71.951,2057,846.13,7621000
Chile,2018,2.95403E+11,18701450,72.32025,2396,973,6603000
Chile,2019,2.78493E+11,19039485,72.58023,2396,1063,5431000
China,2013,9.57047E+12,1363240000,,79306,1008172,129078000
China,2014,1.04756E+13,1371860000,,85320,1089560,128499000
China,2015,1.10616E+13,1379860000,62.27669,89966,1109312,133820000
China,2016,1.12333E+13,1387790000,63.79116,91675,1160059,141774000
China,2017,1.23105E+13,1396215000,64.20096,93742,1266681,153260000
China,2018,1.38949E+13,1402760000,73.30366,96353,1361715,158606000
China,2019,1.428E+13,1407745000,77.28424,102462,1438606,162538000
Colombia,2013,3.82094E+11,46237930,,,,2595000
Colombia,2014,3.81241E+11,46677947,,,,2866000
Colombia,2015,2.93492E+11,47119728,68.85918,,,3371000
Colombia,2016,2.8272E+11,47625955,69.1652,,,3675000
Colombia,2017,3.11867E+11,48351671,69.03524,,,4056000
Colombia,2018,3.34198E+11,49276961,69.24335,,,4397000
Colombia,2019,3.23032E+11,50187406,70.05964,,,4531000
Comoros,2013,1116224107,699393,,,,21899.99962
Comoros,2014,1149587660,714612,,,,22799.99924
Comoros,2015,966029599.8,730216,46.24941,,,23600.00038
Comoros,2016,1012835493,746232,46.37003,,,26799.99924
Comoros,2017,1077439756,761664,46.87233,,,28000
Comoros,2018,1188797450,776313,47.01396,,,35900.00153
Comoros,2019,1195019531,790986,47.87291,,,45099.99847
"Congo, Dem. Rep.",2013,32679745036,73460021,,3641,30,191000
"Congo, Dem. Rep.",2014,35909040944,76035588,,3641,20,334000
"Congo, Dem. Rep.",2015,37917706486,78656904,34.35533,3641,16.7,354000
"Congo, Dem. Rep.",2016,37134801549,81430977,34.39028,3641,28.397202,351000
"Congo, Dem. Rep.",2017,38019264805,84283273,34.57002,3641,22.724,
"Congo, Dem. Rep.",2018,47568210021,87087355,35.23313,3641,29.514,
"Congo, Dem. Rep.",2019,51775829869,89906890,36.20973,3641,27.368,
"Congo, Rep.",2013,17958720704,4828066,,,,345000
"Congo, Rep.",2014,17912907682,4944861,,,,229000
"Congo, Rep.",2015,11890259177,5064386,38.91712,,,224000
"Congo, Rep.",2016,10219341017,5186824,38.45264,,,213000
"Congo, Rep.",2017,11094823677,5312340,37.86014,,,151000
"Congo, Rep.",2018,13670038020,5441062,38.22684,,,158000
"Congo, Rep.",2019,12750338736,5570733,39.53359,,,
Costa Rica,2013,50949668886,4791535,,,,2641000
Costa Rica,2014,52016408924,4844288,,,,2760000
Costa Rica,2015,56441920824,4895242,67.67451,,,2899000
Costa Rica,2016,58847019585,4945205,67.67937,,,3204000
Costa Rica,2017,60516044623,4993842,69.30028,,,3231000
Costa Rica,2018,62420164965,5040734,68.83187,,,3313000
Costa Rica,2019,64417670556,5084532,69.2383,,,3366000
Cote d'Ivoire,2013,42760235496,22469268,,639,,380000
Cote d'Ivoire,2014,48843005625,22995555,,639,,471000
Cote d'Ivoire,2015,45815005171,23596741,50.32956,639,,1441000
Cote d'Ivoire,2016,48407761032,24213622,50.95707,639,,1583000
Cote d'Ivoire,2017,52512344034,24848016,52.98796,639,,1800000
Cote d'Ivoire,2018,58522477745,25493988,58.34417,639,,1965000
Cote d'Ivoire,2019,59898479821,26147551,60.68796,639,,2070000
Croatia,2013,59363124069,4255689,,2722,948,48345000
Croatia,2014,59214461630,4238389,,2604,927,51168000
Croatia,2015,50742086223,4203604,71.35304,2604,951,55858000
Croatia,2016,52391038979,4174349,72.15494,2605,836,57587000
Croatia,2017,55937483558,4124531,72.60762,2605,745,59238000
Croatia,2018,61330483610,4087843,72.95462,2605,756,57668000
Croatia,2019,61329267533,4065253,73.62096,2617,734,60021000
Cuba,2013,77148000000,11321579,,,,2862000
Cuba,2014,80656000000,11332026,,,,3014000
Cuba,2015,87133000000,11339894,,,,3540000
Cuba,2016,91370000000,11342012,,,,4009000
Cuba,2017,96851000000,11336405,,,,4654000
Cuba,2018,1.0005E+11,11328244,,,,4712000
Cuba,2019,1.03428E+11,11316697,,,,4276000
Curacao,2013,3039944134,153822,,,,1071000
Curacao,2014,3048435754,155909,,,,1129000
Curacao,2015,3042737430,157980,,,,1072000
Curacao,2016,3014748603,159664,,,,944000
Curacao,2017,3009497207,160175,,,,1058000
Curacao,2018,3020388827,159336,,,,1210000
Curacao,2019,2995185475,157441,,,,1293000
Cyprus,2013,23959708956,1166968,,,,2626000
Cyprus,2014,23225912184,1176995,,,,2558000
Cyprus,2015,19909269065,1187280,71.95361,,,2780000
Cyprus,2016,21046452117,1197881,72.31415,,,3286000
Cyprus,2017,22946583376,1208523,72.28343,,,3750000
Cyprus,2018,25597301191,1218831,72.77735,,,4024000
Cyprus,2019,25945194240,1228836,73.35105,,,4117000
Czechia,2013,2.11686E+11,10514272,,9459.031,7601,26332000
Czechia,2014,2.09359E+11,10525347,,9457.612,7797,27166000
Czechia,2015,1.88033E+11,10546059,76.10923,9466.893,8298.112592,29604000
Czechia,2016,1.96272E+11,10566332,76.38834,9462.687,8843.373268,32519000
Czechia,2017,2.18629E+11,10594438,76.42162,9408,9497.566454,34701000
Czechia,2018,2.49001E+11,10629928,76.322,9406,10286.019,36268000
Czechia,2019,2.52548E+11,10671870,76.34054,9396,10930.618,37202000
Denmark,2013,3.43584E+11,5614932,,,7076,26516000
Denmark,2014,3.52994E+11,5643475,,,6808,28070000
Denmark,2015,3.02673E+11,5683483,84.50938,,6808,28209000
Denmark,2016,3.13116E+11,5728010,84.59517,,6653,28692000
Denmark,2017,3.32121E+11,5764980,84.5806,,6623,30736000
Denmark,2018,3.56841E+11,5793636,85.17028,,6560,30801000
Denmark,2019,3.46499E+11,5814422,85.28856,,,33093000
Djibouti,2013,2042817163,971753,,,,63000
Djibouti,2014,2214679081,989087,,,,
Djibouti,2015,2424391785,1006259,44.26206,,,
Djibouti,2016,2604955229,1023261,47.15118,,,
Djibouti,2017,2762581334,1040233,50.88048,,,
Djibouti,2018,2913466732,1057198,58.38141,,,
Djibouti,2019,3088853639,1073994,60.49674,,,
Dominica,2013,498296296.3,68819,,,,311000
Dominica,2014,520207407.4,69371,,,,370000
Dominica,2015,540737037,70007,61.48672,,,358000
Dominica,2016,576229629.6,70075,61.23575,,,356000
Dominica,2017,521551851.9,70403,61.66778,,,230000
Dominica,2018,554770370.4,70823,60.54557,,,199000
Dominica,2019,611537037,71428,60.54797,,,322000
Dominican Republic,2013,62682158700,10157051,,,,5114000
Dominican Republic,2014,67179956265,10282115,,,,5576000
Dominican Republic,2015,71164826720,10405832,57.90154,,,6129000
Dominican Republic,2016,75704647977,10527592,57.699,,,6769000
Dominican Republic,2017,79998045976,10647244,59.12432,,,7296000
Dominican Republic,2018,85555390386,10765531,59.32073,,,7551000
Dominican Republic,2019,88941371980,10881882,59.98867,,,7550000
Ecuador,2013,95129659000,15722989,,,,1364000
Ecuador,2014,1.01726E+11,15957994,,,,1695000
Ecuador,2015,99290381000,16195902,57.10316,,,1676000
Ecuador,2016,99937696000,16439585,57.52173,,,1569000
Ecuador,2017,1.04296E+11,16696944,57.49538,,,1806000
Ecuador,2018,1.07562E+11,17015672,57.6141,,,2535000
Ecuador,2019,1.08108E+11,17343740,57.7227,,,2108000
"Egypt, Arab Rep.",2013,2.88434E+11,93377890,,,,9464000
"Egypt, Arab Rep.",2014,3.05595E+11,95592324,,,,9878000
"Egypt, Arab Rep.",2015,3.29367E+11,97723799,54.70209,5153,,9328000
"Egypt, Arab Rep.",2016,3.32442E+11,99784030,55.47428,5153,,5399000
"Egypt, Arab Rep.",2017,2.48363E+11,101789386,55.79763,,,8292000
"Egypt, Arab Rep.",2018,2.62589E+11,103740765,58.51399,,,11346000
"Egypt, Arab Rep.",2019,3.18679E+11,105618671,60.05364,,,13026000
El Salvador,2013,21990960000,6185642,,,,1822000
El Salvador,2014,22593470000,6209526,,,,1886000
El Salvador,2015,23438240000,6231066,62.40213,,,1973000
El Salvador,2016,24191430000,6250510,62.65253,,,2052000
El Salvador,2017,24979190000,6266654,64.70983,,,2247000
El Salvador,2018,26020850000,6276342,64.92118,,,2536000
El Salvador,2019,26881140000,6280217,65.25247,,,2639000
Equatorial Guinea,2013,21948834290,1243941,,,,
Equatorial Guinea,2014,21765453087,1295183,,,,
Equatorial Guinea,2015,13185496881,1346973,40.02737,,,
Equatorial Guinea,2016,11240808847,1398927,38.4902,,,
Equatorial Guinea,2017,12200913888,1450694,40.26392,,,
Equatorial Guinea,2018,13097012124,1502091,40.53653,,,
Equatorial Guinea,2019,11364133546,1553031,41.05286,,,
Eritrea,2013,,3296367,,,,141000
Eritrea,2014,,3323425,,,,119000
Eritrea,2015,,3340006,20.92479,,,114000
Eritrea,2016,,3365287,20.94464,,,142000
Eritrea,2017,,3396933,21.37138,,,
Eritrea,2018,,3445374,21.50372,,,
Eritrea,2019,,3498818,21.5998,,,
Estonia,2013,25115753366,1317997,,,225,5737000
Estonia,2014,26634083965,1314545,,1018,282,5804000
Estonia,2015,22890762090,1315407,80.53864,1034,289,5696000
Estonia,2016,24072829277,1315790,80.7042,1034,316,5942000
Estonia,2017,26924385103,1317384,80.76691,1033,367,6145000
Estonia,2018,30624720196,1321977,80.79339,,417,6033000
Estonia,2019,31081901909,1326898,80.61685,,392,6103000
Eswatini,2013,4597552949,1118319,,,,1299000
Eswatini,2014,4422986447,1125865,,,,1325000
Eswatini,2015,4063245671,1133936,56.9378,,,1256000
Eswatini,2016,3816019223,1142524,58.37605,,,1279000
Eswatini,2017,4402969226,1151390,58.62573,,,1343000
Eswatini,2018,4666598024,1160428,58.71977,,,1277000
Eswatini,2019,4466214522,1169613,59.49273,,,1226000
Ethiopia,2013,47648276190,97084366,,,,681000
Ethiopia,2014,55612228234,99746766,,,,770000
Ethiopia,2015,64589329345,102471895,43.78485,,,864000
Ethiopia,2016,74296745599,105293228,44.06311,754,,871000
Ethiopia,2017,81770886909,108197950,46.14583,754,,933000
Ethiopia,2018,84269196152,111129438,47.0561,754,,849000
Ethiopia,2019,95912607970,114120594,47.97613,,,812000
Faroe Islands,2013,2690110671,48418,,,,
Faroe Islands,2014,2914012852,48465,,,,
Faroe Islands,2015,2573906036,48816,,,,
Faroe Islands,2016,2813278761,49500,,,,
Faroe Islands,2017,2980057168,50230,,,,
Faroe Islands,2018,3188601035,50955,,,,
Faroe Islands,2019,3275684065,51681,,,,
Fiji,2013,4189968870,913453,,,,769000
Fiji,2014,4857103847,915560,,,,781000
Fiji,2015,4682480304,917200,62.79354,,,869000
Fiji,2016,4930213788,918371,61.26819,,,963000
Fiji,2017,5353468388,919019,61.34481,,,1027000
Fiji,2018,5581425891,918996,61.38188,,,1058000
Fiji,2019,5481692622,918465,61.47892,,,969000
Finland,2013,2.71362E+11,5438972,,5944,4053,2797000
Finland,2014,2.74863E+11,5461512,,5944,3874,2731000
Finland,2015,2.34534E+11,5479531,80.10477,5923,4113,2622000
Finland,2016,2.40771E+11,5495303,80.09777,5926,3868,2789000
Finland,2017,2.55648E+11,5508214,79.98436,5926,4271,3180000
Finland,2018,2.75708E+11,5515525,80.04165,5926,4534,3224000
Finland,2019,2.68515E+11,5521606,80.17834,5923,4924,3290000
France,2013,2.81188E+12,66002289,,29979,105215,204410000
France,2014,2.85596E+12,66312067,,,104589,206599000
France,2015,2.43919E+12,66548272,76.14755,28866,104849,203302000
France,2016,2.47296E+12,66724104,76.25038,29236.65,104207,203042000
France,2017,2.59515E+12,66918020,76.01011,29248.142,110568,207274000
France,2018,2.79096E+12,67158348,76.77957,28241,107958,211998000
France,2019,2.72887E+12,67388001,76.80465,28157,112384,217877000
French Polynesia,2013,6031827089,288032,,,,214000
French Polynesia,2014,6151996535,289873,,,,228000
French Polynesia,2015,5325846342,291787,,,,239000
French Polynesia,2016,5497036487,293541,,,,241000
French Polynesia,2017,5833352684,295450,,,,254000
French Polynesia,2018,6135116261,297606,,,,264000
French Polynesia,2019,6022276207,299717,,,,300000
Gabon,2013,17595744804,1902226,,810,125,
Gabon,2014,18203966900,1966855,,810,109,
Gabon,2015,14383107763,2028517,44.02055,810,112,
Gabon,2016,14023890264,2086206,43.74227,810,127,
Gabon,2017,14929487496,2140215,44.68792,810,174,
Gabon,2018,16867326390,2192012,44.49778,810,176.330295,
Gabon,2019,16874405460,2242785,45.0251,648,171.279327,
"Gambia, The",2013,1375609460,2124869,,,,171000
"Gambia, The",2014,1229461732,2189019,,,,156000
"Gambia, The",2015,1378176606,2253133,46.23324,,,449000
"Gambia, The",2016,1484578897,2317206,47.75618,,,450000
"Gambia, The",2017,1504909448,2381182,47.75707,,,522000
"Gambia, The",2018,1670671340,2444916,47.82604,,,552000
"Gambia, The",2019,1813609679,2508883,50.29381,,,620000
Georgia,2013,17190068236,3717668,,1453.4,585,4954000
Georgia,2014,17627336228,3719414,,1453.4,550,5004000
Georgia,2015,14953675993,3725276,78.30005,1491,464.6,5256000
Georgia,2016,15141598623,3727505,80.79351,1415,544.5,5393000
Georgia,2017,16242647230,3728004,83.01189,1285,596.7,6483000
Georgia,2018,17596922470,3726549,83.4992,1285,633.6,7203000
Georgia,2019,17470436259,3720161,83.73393,1378,676.644,7726000
Germany,2013,3.7338E+12,80645605,,33449,89615,31545000
Germany,2014,3.88909E+12,80982500,,33426,90976,32999000
Germany,2015,3.35759E+12,81686611,79.5005,33332,91603,34970000
Germany,2016,3.46985E+12,82348669,79.5543,33380,94197,35555000
Germany,2017,3.69085E+12,82657002,79.34962,33488,95530,37452000
Germany,2018,3.97444E+12,82905782,79.34794,33440,98170,38881000
Germany,2019,3.88823E+12,83092962,79.71004,33423,102026,39563000
Ghana,2013,62824629066,27525597,,,,994000
Ghana,2014,54783320577,28196358,,,,825000
Ghana,2015,49406014245,28870939,56.99383,,,897000
Ghana,2016,56164933479,29554303,58.03559,,,
Ghana,2017,60405920071,30222262,58.37525,,,
Ghana,2018,67298913752,30870641,60.43442,,,
Ghana,2019,68337974419,31522290,59.96017,,,
Gibraltar,2013,,32411,,,,
Gibraltar,2014,,32452,,,,
Gibraltar,2015,,32520,,,,
Gibraltar,2016,,32565,,,,
Gibraltar,2017,,32602,,,,
Gibraltar,2018,,32648,,,,
Gibraltar,2019,,32685,,,,
Greece,2013,2.38908E+11,10965211,,2265,755,20112000
Greece,2014,2.35458E+11,10892413,,2238,1072,24272000
Greece,2015,1.95684E+11,10820883,66.92296,2240,1263,26114000
Greece,2016,1.93148E+11,10775971,67.08976,2240,1192,28071000
Greece,2017,1.99844E+11,10754679,67.11485,2240,1109,30161000
Greece,2018,2.12049E+11,10732882,67.40997,2293,1104,33072000
Greece,2019,2.05257E+11,10721582,68.42391,2280,1252,34005000
Greenland,2013,2684947140,56483,,,,
Greenland,2014,2842065877,56295,,,,
Greenland,2015,2499113085,56114,,,,
Greenland,2016,2707146783,56186,,,,
Greenland,2017,2851610656,56172,,,,
Greenland,2018,3055791341,56023,,,,
Greenland,2019,2997331094,56225,,,,
Grenada,2013,842618518.5,116945,,,,327000
Grenada,2014,911496296.3,117972,,,,387000
Grenada,2015,997007407.4,118980,53.57188,,,437000
Grenada,2016,1061640741,119966,53.41014,,,474000
Grenada,2017,1125685185,120921,53.30874,,,468000
Grenada,2018,1166514815,121838,53.37453,,,529000
Grenada,2019,1213485185,122724,53.44488,,,526000
Guam,2013,5399000000,167054,,,,1334000
Guam,2014,5610000000,167543,,,,1343000
Guam,2015,5799000000,167978,,,,1409000
Guam,2016,5901000000,168346,,,,1536000
Guam,2017,6013000000,168606,,,,1545000
Guam,2018,6056000000,168678,,,,1549000
Guam,2019,6366000000,168624,,,,1667000
Guatemala,2013,52996447956,15043981,,,,1516000
Guatemala,2014,57852150565,15306316,,,,1739000
Guatemala,2015,62186064719,15567419,61.68036,,,1865000
Guatemala,2016,66053402745,15827690,61.95631,,,1906000
Guatemala,2017,71653756504,16087418,61.52534,,,2120000
Guatemala,2018,73328369926,16346950,62.53299,,,2406000
Guatemala,2019,77172313916,16604026,62.59562,,,2560000
Guinea,2013,8376613880,11055430,,,,56000
Guinea,2014,8778473643,11333365,,,,33000
Guinea,2015,8794202395,11625998,44.33462,,,35000
Guinea,2016,8595955601,11930985,45.97639,,,63000
Guinea,2017,10324668271,12240789,46.71106,,,99000
Guinea,2018,11857030366,12554864,49.26216,,,
Guinea,2019,13442861497,12877539,49.42922,,,
Guinea-Bissau,2013,1046087367,1697753,,,,35500
Guinea-Bissau,2014,1054915581,1743309,,,,36099.99847
Guinea-Bissau,2015,1048229633,1788919,40.43484,,,43799.99924
Guinea-Bissau,2016,1179004911,1834552,42.79794,,,45200.00076
Guinea-Bissau,2017,1350177012,1879826,42.91537,,,49500
Guinea-Bissau,2018,1504630234,1924955,43.19038,,,55000
Guinea-Bissau,2019,1439638411,1970457,43.23319,,,52400.00153
Guyana,2013,4167800936,747420,,,,200000
Guyana,2014,4127660158,751115,,,,206000
Guyana,2015,4279840194,755031,50.96896,,,207000
Guyana,2016,4482697337,759087,56.35643,,,235000
Guyana,2017,4748174334,763252,56.75682,,,247000
Guyana,2018,4787637006,785514,55.59359,,,287000
Guyana,2019,5173760192,798753,55.49196,,,315000
Haiti,2013,14902488489,10261206,,,,1064000
Haiti,2014,15146883647,10412740,,,,1127599.976
Haiti,2015,14849629408,10563757,37.67892,,,1190000
Haiti,2016,14069277533,10713849,37.73652,,,1153000
Haiti,2017,15093357143,10863543,37.74675,,,1262000
Haiti,2018,16403864521,11012421,37.85895,,,1333000
Haiti,2019,15016090930,11160438,40.72493,,,938000
Honduras,2013,18499729063,8960657,,,,1857000
Honduras,2014,19756533658,9127846,,,,2082000
Honduras,2015,20979791685,9294505,56.12768,,,2093000
Honduras,2016,21717604581,9460798,55.73586,,,2228000
Honduras,2017,23136248046,9626842,55.88601,,,2144000
Honduras,2018,24067750466,9792850,55.97099,,,2323000
Honduras,2019,25089937109,9958829,56.26791,,,2315000
"Hong Kong SAR, China",2013,2.75697E+11,7178900,,,,54299000
"Hong Kong SAR, China",2014,2.9146E+11,7229500,,,,60839000
"Hong Kong SAR, China",2015,3.09386E+11,7291300,84.32249,,,59308000
"Hong Kong SAR, China",2016,3.2086E+11,7336600,84.76059,,,56655000
"Hong Kong SAR, China",2017,3.41273E+11,7393200,85.04858,,,58472000
"Hong Kong SAR, China",2018,3.61731E+11,7452600,85.08628,,,65148000
"Hong Kong SAR, China",2019,3.63075E+11,7507900,85.3154,,,55913000
Hungary,2013,1.35684E+11,9893082,,7894.8,7843,43611000
Hungary,2014,1.41034E+11,9866468,,7894.8,7738,45984000
Hungary,2015,1.25174E+11,9843028,71.06578,7896,7609.161,48345000
Hungary,2016,1.2861E+11,9814023,71.3825,7748.7,7653.455,52890000
Hungary,2017,1.43112E+11,9787966,72.6828,7751.7,7730.982,54962000
Hungary,2018,1.60566E+11,9775564,73.23963,7587.7,7769.56,57667000
Hungary,2019,1.6402E+11,9771141,73.41584,7587.7,7751.606,61397000
Iceland,2013,16125060515,323764,,,,900000
Iceland,2014,17867662178,327386,,,,1102000
Iceland,2015,17517210519,330815,78.97419,,,1389000
Iceland,2016,20793168031,335439,79.00524,,,1891000
Iceland,2017,24728285177,343400,78.99464,,,2353000
Iceland,2018,26260850582,352721,79.011,,,2488000
Iceland,2019,24663643102,360563,78.96154,,,2202000
India,2013,1.85672E+12,1291132063,,65436,1046522,6968000
India,2014,2.03913E+12,1307246509,,65808,1140412,13107000
India,2015,2.10359E+12,1322866505,54.52099,66030,1147190,13284000
India,2016,2.2948E+12,1338636340,55.94046,66687,1143039,14570000
India,2017,2.65147E+12,1354195680,60.9076,67368,1149835,15543000
India,2018,2.70293E+12,1369003306,67.49639,69249,1177699,17423000
India,2019,2.83561E+12,1383112050,71.04511,67414.07,1157174,17914000
Indonesia,2013,9.12524E+11,253275918,,5107,16926,8802000
Indonesia,2014,8.90815E+11,256229761,,5196,20396,9435000
Indonesia,2015,8.60854E+11,259091970,62.11215,5357,22296,10407000
Indonesia,2016,9.31877E+11,261850182,64.66011,5384,21636,11519000
Indonesia,2017,1.01562E+12,264498852,66.86799,4748.742,15558,14040000
Indonesia,2018,1.04227E+12,267066843,68.184,5483.312,16932,15810000
Indonesia,2019,1.1191E+12,269582878,69.57879,5483,29066,16107000
"Iran, Islamic Rep.",2013,4.92776E+11,78458928,,8592.5,17409,4769000
"Iran, Islamic Rep.",2014,4.60383E+11,79961672,,8559.5,16272,4968000
"Iran, Islamic Rep.",2015,4.08213E+11,81790841,55.37743,8559.5,14938,5237000
"Iran, Islamic Rep.",2016,4.57955E+11,83306231,55.70786,8576,12982,4942000
"Iran, Islamic Rep.",2017,4.8663E+11,84505076,55.69678,9021,13270,4867000
"Iran, Islamic Rep.",2018,3.27901E+11,85617562,58.63915,9327,15239,7295000
"Iran, Islamic Rep.",2019,2.8365E+11,86564202,58.54658,9454,14875,9107000
Iraq,2013,2.34638E+11,35481800,,,,892000
Iraq,2014,2.28416E+11,36746488,,2370,,
Iraq,2015,1.66774E+11,37757813,42.86367,,,
Iraq,2016,1.66602E+11,38697943,44.14072,,,
Iraq,2017,1.87218E+11,39621162,44.61783,,,
Iraq,2018,2.27367E+11,40590700,44.65481,,,
Iraq,2019,2.33636E+11,41563520,44.70443,,,
Ireland,2013,2.38341E+11,4623816,,1894,1592,8260000
Ireland,2014,2.59171E+11,4657740,,1458,1863,8813000
Ireland,2015,2.91775E+11,4701957,79.79674,1458,1917,9528000
Ireland,2016,2.99091E+11,4755335,80.10484,2174,1990,10100000
Ireland,2017,3.36378E+11,4807388,80.10187,1888,2121,10338000
Ireland,2018,3.85737E+11,4867316,79.58999,1888,2281,10926000
Ireland,2019,3.99322E+11,4934340,79.57614,1888,2399,10951000
Isle of Man,2013,7001180246,84144,,,,
Isle of Man,2014,7708459145,83896,,,,
Isle of Man,2015,7084795708,83593,,,,
Isle of Man,2016,6846373277,83450,,,,
Isle of Man,2017,6979791187,83580,,,,
Isle of Man,2018,7491654051,83775,,,,
Isle of Man,2019,7314966839,83933,,,,
Israel,2013,2.97733E+11,8059500,,1153,2376.2,3540000
Israel,2014,3.1433E+11,8215700,,1194,2485.2,3251000
Israel,2015,3.03414E+11,8380100,72.99577,1277,2608.1,3109000
Israel,2016,3.22103E+11,8546000,74.20098,1340.105,2644.7,3070000
Israel,2017,3.58245E+11,8713300,74.34011,1495,2765.2,3863000
Israel,2018,3.76692E+11,8882800,74.98013,1521,3031.76,4389000
Israel,2019,4.02471E+11,9054000,76.67572,1598.916,3579.9,4905000
Italy,2013,2.14192E+12,60233948,,16751.6,48739,76762000
Italy,2014,2.16201E+12,60789140,,16722.6,49957,77694000
Italy,2015,1.83664E+12,60730582,71.68638,16723.8,52207,81068000
Italy,2016,1.87707E+12,60627498,71.82565,16788.3,52178,84925000
Italy,2017,1.9618E+12,60536709,73.19206,16787.2,53231,89931000
Italy,2018,2.09193E+12,60421760,73.04291,16780.8,55493,93228601.56
Italy,2019,2.0113E+12,59729081,72.85055,16778.6,56586,95399000
Jamaica,2013,14264205124,2773129,,,,3274000
Jamaica,2014,13899225340,2784543,,,,3504000
Jamaica,2015,14188938781,2794445,66.18983,,,3692000
Jamaica,2016,14077105503,2802695,67.31221,,,3837000
Jamaica,2017,14808984881,2808376,67.72419,,,4276000
Jamaica,2018,15730791526,2811835,68.2738,,,4319000
Jamaica,2019,15830766372,2813773,69.67997,,,4233000
Japan,2013,5.21233E+12,127445000,,,414387,10364000
Japan,2014,4.89699E+12,127276000,,,413970,13413000
Japan,2015,4.44493E+12,127141000,77.52941,,427486,19737000
Japan,2016,5.00368E+12,127076000,77.9374,,431799,24039000
Japan,2017,4.93084E+12,126972000,78.01404,,437363,28691000
Japan,2018,5.04088E+12,126811000,78.04159,,441614,31191000
Japan,2019,5.11799E+12,126633000,77.99983,,435063,31881000
Jordan,2013,34454440141,7694814,,,,5389000
Jordan,2014,36847643521,8658026,,,,5327000
Jordan,2015,38587017887,9494246,56.73912,,,4809000
Jordan,2016,39892551127,9964656,57.0245,,,4236000
Jordan,2017,41608435915,10215381,59.92558,,,4565000
Jordan,2018,43370860704,10459865,61.28281,,,4922000
Jordan,2019,44503005775,10698683,68.97453,,,5361000
Kazakhstan,2013,2.36635E+11,17035551,,14767.1,20619,6841000
Kazakhstan,2014,2.21416E+11,17288285,,14767.1,23750.5,6333000
Kazakhstan,2015,1.84388E+11,17542806,70.91902,14767.1,21614.8,6430000
Kazakhstan,2016,1.37278E+11,17794055,74.84879,15529,17321.8,6509000
Kazakhstan,2017,1.66806E+11,18037776,76.87746,16040.3,17961.5,7701000
Kazakhstan,2018,1.7934E+11,18276452,78.04085,16060.8,18509.5,8789000
Kazakhstan,2019,1.81667E+11,18513673,79.55915,16060.8,17700,8515000
Kenya,2013,61671440481,44792368,,,,1520000
Kenya,2014,68285796663,45831863,,,,1350000
Kenya,2015,70120446664,46851488,58.00993,,,1181000
Kenya,2016,74815143796,47894670,62.79134,,,1340000
Kenya,2017,82036511259,48948137,65.40809,,,1449000
Kenya,2018,92202979941,49953304,70.97866,,,2025000
Kenya,2019,1.00378E+11,50951450,73.21648,,,2049000
Kiribati,2013,184543103.7,113311,,,,
Kiribati,2014,177868153.1,114985,,,,8300.000191
Kiribati,2015,170292283.3,116707,45.40564,,,8199.999809
Kiribati,2016,178507958.1,118513,46.74575,,,7599.999905
Kiribati,2017,188540699.2,120362,46.16176,,,7500
Kiribati,2018,196501504.2,122261,46.76976,,,9000
Kiribati,2019,175181684.8,124241,46.93884,,,12000
"Korea, Dem. People's Rep.",2013,,25001819,,,,
"Korea, Dem. People's Rep.",2014,,25126131,,,,
"Korea, Dem. People's Rep.",2015,,25258015,,,,
"Korea, Dem. People's Rep.",2016,,25389611,,,,
"Korea, Dem. People's Rep.",2017,,25516321,,,,
"Korea, Dem. People's Rep.",2018,,25638149,,,,
"Korea, Dem. People's Rep.",2019,,25755441,,,,
"Korea, Rep.",2013,1.3708E+12,50428893,,3666.1,66353,12176000
"Korea, Rep.",2014,1.48432E+12,50746659,,3668.3,67860,14202000
"Korea, Rep.",2015,1.46577E+12,51014947,83.08952,3944,68371,13232000
"Korea, Rep.",2016,1.50011E+12,51217803,83.96555,4071,86871,17242000
"Korea, Rep.",2017,1.6239E+12,51361911,83.96525,4071,89964,13336000
"Korea, Rep.",2018,1.72485E+12,51585058,83.96046,4200,92193,15347000
"Korea, Rep.",2019,1.65142E+12,51764822,84.00083,4109.15,100381,17503000
Kosovo,2013,6735327512,1818117,,,,
Kosovo,2014,7074392884,1812771,,,,
Kosovo,2015,6295845465,1788196,63.02811,,,
Kosovo,2016,6682674063,1777557,64.90617,,,
Kosovo,2017,7180768692,1791003,70.51486,,,
Kosovo,2018,7878762812,1797085,71.04522,,,
Kosovo,2019,7899741279,1788878,73.18473,,,
Kuwait,2013,1.74168E+11,3646518,,,,6217000
Kuwait,2014,1.6265E+11,3761584,,,,6528000
Kuwait,2015,1.14586E+11,3908743,60.65525,,,6941000
Kuwait,2016,1.09406E+11,4048085,59.96924,,,7055000
Kuwait,2017,1.20688E+11,4124904,61.78943,,,7407000
Kuwait,2018,1.38202E+11,4317185,62.56073,,,8508000
Kuwait,2019,1.36192E+11,4441100,67.40473,,,8565000
Kyrgyz Republic,2013,7335033799,5719600,,417,,4134000
Kyrgyz Republic,2014,7468102369,5835500,,424,,3791000
Kyrgyz Republic,2015,6678177483,5956900,61.2702,424,41,4000000
Kyrgyz Republic,2016,6813095396,6079500,61.31719,424,40.8,3853000
Kyrgyz Republic,2017,7702938395,6198200,62.35959,424,43,4568000
Kyrgyz Republic,2018,8271106196,6322800,65.41049,424,35,6947000
Kyrgyz Republic,2019,8871019823,6456200,67.82089,424,37.1,8508000
Lao PDR,2013,11983252627,6600742,,,,3779000
Lao PDR,2014,13279248479,6691454,,,,4159000
Lao PDR,2015,14426381187,6787419,48.20686,,,4684000
Lao PDR,2016,15912495369,6891363,49.05728,,,4239000
Lao PDR,2017,17071162084,6997917,49.98578,,,3869000
Lao PDR,2018,18141651381,7105006,49.77807,,,4186000
Lao PDR,2019,18740559554,7212053,50.82456,,,4791000
Latvia,2013,30204783462,2012647,,1859,729,5822000
Latvia,2014,31386896487,1993782,,1859,649,6246000
Latvia,2015,27263090547,1977527,79.13397,1859.6,591,6842000
Latvia,2016,28083597512,1959537,80.59931,1859.6,584,6797000
Latvia,2017,30483806018,1942248,79.99279,1859.6,596,7726000
Latvia,2018,34429023435,1927174,80.31973,1859.6,624,7775000
Latvia,2019,34343961073,1913822,80.28054,1859.6,643,8342000
Lebanon,2013,46880103081,5678851,,,,1274000
Lebanon,2014,48095213746,6274342,,,,1355000
Lebanon,2015,49929337837,6398940,54.71496,,,1518000
Lebanon,2016,51147308774,6258619,54.46561,,,1688000
Lebanon,2017,53027680686,6109252,54.35106,,,1857000
Lebanon,2018,54901519156,5950839,54.42282,,,1964000
Lebanon,2019,51605959131,5781907,54.3316,,,1936000
Lesotho,2013,2367113170,2073939,,,,433000
Lesotho,2014,2441063169,2095242,,,,1079000
Lesotho,2015,2359754088,2118521,55.18767,,,1082000
Lesotho,2016,2114426469,2143872,58.01146,,,1196000
Lesotho,2017,2306741599,2170617,58.56005,,,1137000
Lesotho,2018,2556247156,2198017,58.68291,,,1173000
Lesotho,2019,2436029588,2225702,59.4294,,,1142000
Liberia,2013,3177198100,4427313,,,,
Liberia,2014,3225652000,4519398,,,,
Liberia,2015,3227075700,4612329,39.95919,,,
Liberia,2016,3398419600,4706097,39.98301,,,
Liberia,2017,3390703400,4796631,43.58222,,,
Liberia,2018,3422754800,4889391,43.54307,,,
Liberia,2019,3319596500,4985289,43.22747,,,
Libya,2013,75351117628,5985221,,,,
Libya,2014,57372352562,6097764,,,,
Libya,2015,48717506273,6192235,32.61441,,,
Libya,2016,49912085228,6282196,32.47692,,,
Libya,2017,67157451660,6378261,32.50611,,,
Libya,2018,76686048499,6477793,32.73696,,,
Libya,2019,69254143968,6569088,32.68552,,,
Liechtenstein,2013,6391711429,36806,,,,59599.99847
Liechtenstein,2014,6657526636,37096,,,,61299.99924
Liechtenstein,2015,6268513140,37355,,,,56700.00076
Liechtenstein,2016,6237299538,37609,,,,69099.99847
Liechtenstein,2017,6474310910,37889,,,,79300.00305
Liechtenstein,2018,6692618411,38181,64.85209,,,85300.00305
Liechtenstein,2019,6436467007,38482,64.84421,,,98099.99847
Lithuania,2013,46523420074,2957689,,1767,391,5264000
Lithuania,2014,48533659592,2932367,,1767,373,5217000
Lithuania,2015,41435533340,2904910,78.99313,1877,361,5048000
Lithuania,2016,43047309306,2868231,79.21677,1911,396,5322000
Lithuania,2017,47758736932,2828403,80.63462,1911,424,5590000
Lithuania,2018,53751411409,2801543,80.95864,1911,468,6115000
Lithuania,2019,54760617013,2794137,81.61948,1911,479,6150000
Luxembourg,2013,65203276467,543360,,275,394,945000
Luxembourg,2014,68804811898,556319,,275,409,1038000
Luxembourg,2015,60071584216,569604,69.15342,275,418,1090000
Luxembourg,2016,62216885436,582014,69.1733,275,418,1054000
Luxembourg,2017,65712180343,596336,69.58844,275,438,1046000
Luxembourg,2018,71000359760,607950,69.58703,288,442,1018000
Luxembourg,2019,69825641851,620001,69.6031,288,463,1041000
"Macao SAR, China",2013,51536592939,593374,,,,29325000
"Macao SAR, China",2014,54902831794,604167,,,,31526000
"Macao SAR, China",2015,45048188248,615239,,,,30715000
"Macao SAR, China",2016,45070807280,626688,,,,30950000
"Macao SAR, China",2017,50440935654,638609,,,,32611000
"Macao SAR, China",2018,55284309690,650991,,,,35804000
"Macao SAR, China",2019,55204961000,663653,,,,39406000
Madagascar,2013,12423555457,23588073,,673,,
Madagascar,2014,12522957401,24215976,,673,,
Madagascar,2015,11323020700,24850912,41.89608,673,,282000
Madagascar,2016,11848613860,25501941,42.74769,,,333000
Madagascar,2017,13176313594,26169542,46.38142,,,285000
Madagascar,2018,13760033283,26846541,47.04235,673,,360000
Madagascar,2019,14104664678,27533134,47.72865,673,,486000
Malawi,2013,8031571928,16024775,,,,795000
Malawi,2014,8801326169,16477966,,,,819000
Malawi,2015,9219474373,16938942,49.70961,,,805000
Malawi,2016,7909868618,17405624,53.22437,,,849000
Malawi,2017,8943543677,17881167,59.52076,,,837000
Malawi,2018,9880675786,18367883,60.362,,,871000
Malawi,2019,11025371147,18867337,60.9371,,,
Malaysia,2013,3.23276E+11,30134807,,,2413.241413,25715000
Malaysia,2014,3.38066E+11,30606459,,,1985.694289,27437000
Malaysia,2015,3.01355E+11,31068833,78.60753,,1964.330166,25721000
Malaysia,2016,3.01255E+11,31526418,78.27291,,2344.190264,26757000
Malaysia,2017,3.19109E+11,31975806,78.77204,2773,2468.088213,25948000
Malaysia,2018,3.58789E+11,32399271,81.33541,1655,2317.063326,25832000
Malaysia,2019,3.65178E+11,32804020,81.47337,1655,2200.050277,26101000
Maldives,2013,3295009231,400728,,,,1125000
Maldives,2014,3697353155,416738,,,,1205000
Maldives,2015,4109416450,435582,52.4375,,,1234000
Maldives,2016,4379134273,454252,52.38841,,,1286000
Maldives,2017,4754185599,472442,53.20063,,,1390000
Maldives,2018,5300949823,489758,53.2984,,,1484000
Maldives,2019,5609385434,504508,53.27453,,,1703000
Mali,2013,13242690790,17004033,,,,142000
Mali,2014,14364937128,17551814,,,,168000
Mali,2015,13104764379,18112907,50.27763,,,159000
Mali,2016,14026048334,18700106,52.61403,,,173000
Mali,2017,15365713059,19311355,52.87624,,,193000
Mali,2018,17070867578,19934298,53.12964,,,203000
Mali,2019,17280250805,20567424,52.94472,,,217000
Malta,2013,10550968139,425967,,,,2013000
Malta,2014,11625843214,434558,,,,2162000
Malta,2015,11091467514,445053,62.28109,,,2383000
Malta,2016,11667976403,455356,64.77862,,,2592000
Malta,2017,13489296992,467999,65.21409,,,2944000
Malta,2018,15298004131,484630,65.4975,,,3232000
Malta,2019,15881258056,504062,66.13941,,,3519000
Marshall Islands,2013,185468000,51352,,,,
Marshall Islands,2014,185172900,50419,,,,4900.000095
Marshall Islands,2015,182997300,49410,50.5639,,,6300.000191
Marshall Islands,2016,200716000,48329,50.90663,,,5400.000095
Marshall Islands,2017,212701200,47187,50.94163,,,6000
Marshall Islands,2018,219330300,45989,50.93322,,,6800.000191
Marshall Islands,2019,232092300,44728,50.8911,,,6099.999905
Mauritania,2013,7223071177,3742959,,,,
Mauritania,2014,6592537782,3843174,,,,
Mauritania,2015,6166863960,3946220,43.75791,,,
Mauritania,2016,6398741856,4051890,46.88194,728,,
Mauritania,2017,6800138755,4160015,48.44839,728,,
Mauritania,2018,7473550557,4270712,49.37674,728,,
Mauritania,2019,8066118984,4383849,51.06288,728,,
Mauritius,2013,12292974008,1258927,,,,1015000
Mauritius,2014,13074130094,1261208,,,,1065000
Mauritius,2015,12007291046,1262879,76.02546,,,1174000
Mauritius,2016,12594155346,1263747,76.48622,,,1307000
Mauritius,2017,13713505998,1264887,78.89594,,,1371000
Mauritius,2018,14735695931,1265577,80.33655,,,1431000
Mauritius,2019,14436347115,1265985,81.46811,,,1418000
Mexico,2013,1.27444E+12,117290686,,,1036,78100000
Mexico,2014,1.31536E+12,118755887,,,1150,81042000
Mexico,2015,1.17187E+12,120149897,71.64492,,1411,87129000
Mexico,2016,1.07849E+12,121519221,72.37307,,1481,94853000
Mexico,2017,1.15891E+12,122839258,72.53669,,1550,99349000
Mexico,2018,1.22241E+12,124013861,72.3064,,1591,96497000
Mexico,2019,1.26901E+12,125085311,72.35556,,1571,97406000
"Micronesia, Fed. Sts.",2013,317214400,108609,,,,42099.99847
"Micronesia, Fed. Sts.",2014,319271200,109024,,,,35400.00153
"Micronesia, Fed. Sts.",2015,316489900,109462,48.09489,,,31200.00076
"Micronesia, Fed. Sts.",2016,332265200,109925,48.08887,,,29600.00038
"Micronesia, Fed. Sts.",2017,366666800,110430,48.10096,,,
"Micronesia, Fed. Sts.",2018,401932300,110929,48.09786,,,19200.00076
"Micronesia, Fed. Sts.",2019,412000000,111379,48.10341,,,18000
Moldova,2013,9496717701,2859558,,1156.9,330,95599.99847
Moldova,2014,9399833207,2857815,,1156,257,93900.00153
Moldova,2015,7798692878,2835978,71.39344,1151,181,94400.00153
Moldova,2016,7982450758,2803186,72.5204,1151,122,121000
Moldova,2017,9519053158,2755189,72.72602,1151,99,145000
Moldova,2018,11253727815,2707203,73.12546,1151,94.6,160000
Moldova,2019,11735774634,2664224,74.39091,1151,74.1,174000
Monaco,2013,6555590642,35425,,,,328000
Monaco,2014,7069351224,36110,,,,329000
Monaco,2015,6261646950,36760,,,,331000
Monaco,2016,6472837333,37071,,,,336000
Monaco,2017,6431274938,37044,,,,355000
Monaco,2018,7194256778,37029,,,,347000
Monaco,2019,7383941919,37034,,,,363000
Mongolia,2013,12582122604,2845153,,1810,1394,515000
Mongolia,2014,12226514666,2902823,,1822.5,1194.5,506000
Mongolia,2015,11619892593,2964749,65.29449,1810,996.74,467000
Mongolia,2016,11181350649,3029555,66.1351,1810,956,471000
Mongolia,2017,11480847740,3096030,67.40642,1810,973,543000
Mongolia,2018,13178094720,3163991,67.67673,1810,,598000
Mongolia,2019,14206359016,3232430,67.77262,1814,1112,637000
Montenegro,2013,4465771673,621207,,249,73.4,1324000
Montenegro,2014,4593852089,621810,,249,76.14,1350000
Montenegro,2015,4054728173,622159,70.60633,249,80.6,1560000
Montenegro,2016,4376929572,622303,71.22233,249,83.9,1662000
Montenegro,2017,4856602179,622373,73.84108,249,59.9,1877000
Montenegro,2018,5506944403,622227,73.70804,249,66.7,2077000
Montenegro,2019,5542053845,622028,73.81891,250,66.5,2510000
Morocco,2013,1.15739E+11,33803527,,2109,5397,10349000
Morocco,2014,1.19131E+11,34248603,,2109,5449,10507000
Morocco,2015,1.10414E+11,34680458,67.39799,2109,5507,10542000
Morocco,2016,1.11573E+11,35107264,69.23623,2109,5208,10677000
Morocco,2017,1.18541E+11,35528115,69.21146,2109,4923,11540000
Morocco,2018,1.27341E+11,35927511,71.67294,2295,4475,12489000
Morocco,2019,1.2892E+11,36304408,73.38133,2295,4803,13109000
Mozambique,2013,16974314296,25251731,,,,1970000
Mozambique,2014,17716091057,26038704,,,,1751000
Mozambique,2015,15950979333,26843246,52.81247,,,1634000
Mozambique,2016,11936993087,27696493,52.06337,,,1715000
Mozambique,2017,13219079498,28569441,52.78803,,,1514000
Mozambique,2018,14845400593,29423878,54.56326,,,2870000
Mozambique,2019,15390031040,30285595,54.9955,,,2033000
Myanmar,2013,60572257122,50648334,,,,2044000
Myanmar,2014,63264892768,51072436,,,,3081000
Myanmar,2015,63045306514,51483949,42.12121,,,4681000
Myanmar,2016,60291738935,51892349,42.67139,,,2907000
Myanmar,2017,61449391917,52288341,42.97482,,,3443000
Myanmar,2018,67144726168,52666014,43.4838,,,3551000
Myanmar,2019,68697761477,53040212,46.82775,,,4364000
Namibia,2013,12043307277,2204510,,,,1327000
Namibia,2014,12435430396,2243001,,,,1429000
Namibia,2015,11335161230,2282704,60.04482,,,1488000
Namibia,2016,10722018975,2323352,60.08295,,,1551000
Namibia,2017,12895153160,2364534,61.10494,,,1581000
Namibia,2018,13682019172,2405680,61.35142,,,1639000
Namibia,2019,12541928103,2446644,61.35078,,,1651000
Nauru,2013,94384979.01,10694,,,,
Nauru,2014,99149259.84,10940,,,,
Nauru,2015,84863407.87,11185,,,,
Nauru,2016,97541914.58,11437,,,,
Nauru,2017,109355653.7,11682,,,,
Nauru,2018,130995580.1,11924,,,,
Nauru,2019,125160081.8,12132,,,,
Nepal,2013,22162205046,27381555,,,,798000
Nepal,2014,22731612827,27462106,,,,790000
Nepal,2015,24360801338,27610325,59.70833,,,539000
Nepal,2016,24524109485,27861186,58.02771,,,753000
Nepal,2017,28971588881,28183426,59.98159,,,940000
Nepal,2018,33111525183,28506712,59.65408,,,1173000
Nepal,2019,34186180695,28832496,63.1866,,,1197000
Netherlands,2013,8.77173E+11,16804432,,,17700,12783000
Netherlands,2014,8.92168E+11,16865008,,,16200,13925000
Netherlands,2015,7.65573E+11,16939923,75.5221,,15800,15007000
Netherlands,2016,7.8406E+11,17030314,75.57281,,16900,15828000
Netherlands,2017,8.3387E+11,17131296,76.08463,,17800,17924000
Netherlands,2018,9.14043E+11,17231624,76.09693,3078,22600,18780000
Netherlands,2019,9.10194E+11,17344874,76.10376,3078,19400,20129000
New Caledonia,2013,10151382877,263650,,,,108000
New Caledonia,2014,10635035550,268050,,,,107000
New Caledonia,2015,8738203042,269460,,,,114000
New Caledonia,2016,8724568971,270220,,,,116000
New Caledonia,2017,9173670000,270810,,,,121000
New Caledonia,2018,9896402295,271170,,,,120000
New Caledonia,2019,9475655342,271240,,,,130000
New Zealand,2013,1.90907E+11,4442100,,,,2710000
New Zealand,2014,2.01313E+11,4516500,,,,2854000
New Zealand,2015,1.78064E+11,4609400,87.13471,,,3129000
New Zealand,2016,1.88838E+11,4714100,87.16633,,,3494000
New Zealand,2017,2.06556E+11,4813600,87.02213,,544.54,3723000
New Zealand,2018,2.11887E+11,4900600,87.00452,,743.27,3858000
New Zealand,2019,2.13092E+11,4979200,86.76465,,776.56,3888000
Nicaragua,2013,10982954744,6119379,,,,1273000
Nicaragua,2014,11880433903,6208676,,,,1390000
Nicaragua,2015,12756722238,6298598,54.11838,,,1456000
Nicaragua,2016,13286066155,6389235,54.24718,,,1596000
Nicaragua,2017,13785890939,6480532,54.17112,,,1958000
Nicaragua,2018,13025266513,6572233,54.53967,,,1412000
Nicaragua,2019,12699028890,6663924,54.38673,,,1455000
Niger,2013,10224897441,18653199,,,,123000
Niger,2014,10862943546,19372014,,,,135000
Niger,2015,9683867927,20128124,46.32429,,,135000
Niger,2016,10398861981,20921743,49.32578,,,152000
Niger,2017,11185101444,21737922,51.17303,,,164000
Niger,2018,12808661487,22577058,52.3119,,,157000
Niger,2019,12916454871,23443393,56.75932,,,192000
Nigeria,2013,5.20117E+11,174726123,,3528,,4038000
Nigeria,2014,5.74184E+11,179379016,,3528,,4803000
Nigeria,2015,4.93027E+11,183995785,48.37466,3528,,6017000
Nigeria,2016,4.04649E+11,188666931,48.47451,,,5265000
Nigeria,2017,3.75746E+11,193495907,52.02699,,,
Nigeria,2018,4.21739E+11,198387623,53.40471,,,
Nigeria,2019,4.74517E+11,203304492,56.87589,,,
North Macedonia,2013,10817702424,2064032,,699,80,400000
North Macedonia,2014,11362265294,2067471,,699,80,425000
North Macedonia,2015,10064519963,2070226,77.91775,683,178,486000
North Macedonia,2016,10672467073,2072490,80.5866,683,83,510000
North Macedonia,2017,11307067001,2074502,80.33318,683,59,631000
North Macedonia,2018,12683068033,2076217,80.65175,683,64,707000
North Macedonia,2019,12606338449,2076694,80.74807,683,62,758000
Northern Mariana Islands,2013,772000000,52141,,,,439000
Northern Mariana Islands,2014,832000000,51856,,,,460000
Northern Mariana Islands,2015,910000000,51514,,,,479000
Northern Mariana Islands,2016,1230000000,51133,,,,531000
Northern Mariana Islands,2017,1560000000,50729,,,,660000
Northern Mariana Islands,2018,1301000000,50304,,,,518000
Northern Mariana Islands,2019,1181000000,49858,,,,487000
Norway,2013,5.26014E+11,5079623,,,3260,4778000
Norway,2014,5.01736E+11,5137232,,4219,3440,4855000
Norway,2015,3.8816E+11,5188607,81.83183,4209,3555,5361000
Norway,2016,3.70957E+11,5234519,82.35614,4209,3695,5960000
Norway,2017,4.01745E+11,5276968,82.65956,4208,3584,6252000
Norway,2018,4.39789E+11,5311916,82.91579,4200,3722,5688000
Norway,2019,4.08743E+11,5347896,82.62729,,3715,5879000
Oman,2013,89936020806,3816680,,,,1923000
Oman,2014,92699089727,4009267,,,,2225000
Oman,2015,78710793238,4191776,66.34092,,,2634000
Oman,2016,75128738622,4398070,68.05891,,,3207000
Oman,2017,80856697009,4541854,68.57321,,,3178000
Oman,2018,91505851756,4601157,68.84249,,,3242000
Oman,2019,88060858257,4602768,69.98474,,,3506000
Pakistan,2013,2.31218E+11,205337562,,7791,,
Pakistan,2014,2.44361E+11,208251628,,7784,19779,
Pakistan,2015,2.70556E+11,210969298,50.36994,7791,20288,
Pakistan,2016,3.1363E+11,213524840,52.474,7791,21201,
Pakistan,2017,3.39206E+11,216379655,53.01708,7791,22476,
Pakistan,2018,3.56128E+11,219731479,55.45628,7791,24903,
Pakistan,2019,3.20909E+11,223293280,60.95491,7791,,
Palau,2013,221117200,17805,,,,108000
Palau,2014,241669800,17796,,,,140000
Palau,2015,280457700,17794,53.12112,,,162000
Palau,2016,298300000,17816,53.19614,,,138000
Palau,2017,285600000,17837,53.659,,,123000
Palau,2018,284900000,17864,53.66252,,,106000
Palau,2019,278900000,17916,53.69982,,,94000
Panama,2013,45599900000,3821556,,,,2202000
Panama,2014,49921400000,3888793,,,,2305000
Panama,2015,54091800000,3957099,64.72621,,,2553000
Panama,2016,57907700000,4026336,64.72195,,,2379000
Panama,2017,62202700000,4096063,66.46234,,,2517000
Panama,2018,67294169235,4165255,66.86797,,,2487000
Panama,2019,69721787533,4232532,66.56045,,,2494000
Papua New Guinea,2013,21261338065,8245627,,,,182000
Papua New Guinea,2014,23210823987,8464153,,,,191000
Papua New Guinea,2015,21723439626,8682174,55.96186,,,199000
Papua New Guinea,2016,20758874953,8899169,59.33379,,,198000
Papua New Guinea,2017,22742696408,9114796,59.39568,,,182000
Papua New Guinea,2018,24109780113,9329227,59.37055,,,195000
Papua New Guinea,2019,24751069238,9542486,59.77357,,,211000
Paraguay,2013,38651334593,6005652,,,,3538000
Paraguay,2014,40377987315,6090721,,,,3455000
Paraguay,2015,36211372646,6177950,58.05094,,,4102000
Paraguay,2016,36089550672,6266615,57.97708,,,4318000
Paraguay,2017,38997129809,6355404,58.036,,,4744000
Paraguay,2018,40225448651,6443328,58.45116,,,4183000
Paraguay,2019,37925338460,6530026,59.05401,,,4368000
Peru,2013,2.01176E+11,30038809,,,,4010000
Peru,2014,2.00786E+11,30353951,,,,4062000
Peru,2015,1.89803E+11,30711863,67.22451,,,4381000
Peru,2016,1.91898E+11,31132779,67.5175,,,4718000
Peru,2017,2.11008E+11,31605486,67.76048,,,4992000
Peru,2018,2.22597E+11,32203944,68.27159,,,5384000
Peru,2019,2.28326E+11,32824861,68.69658,,,5275000
Philippines,2013,2.83903E+11,99700107,,,,4681000
Philippines,2014,2.97484E+11,101325201,,,,4833000
Philippines,2015,3.06446E+11,103031365,58.23012,509,342,5361000
Philippines,2016,3.18627E+11,104875266,59.25872,509,384,5967000
Philippines,2017,3.28481E+11,106738501,59.33172,,,6621000
Philippines,2018,3.46842E+11,108568836,60.87374,,,7168000
Philippines,2019,3.76823E+11,110380804,62.82943,,,8261000
Poland,2013,5.15762E+11,38040196,,18959,16797,72310000
Poland,2014,5.39081E+11,38011735,,18942,16015,73750000
Poland,2015,4.77111E+11,37986412,76.93009,18510,17367,77743000
Poland,2016,4.70025E+11,37970087,77.68044,18429,19175,80476000
Poland,2017,5.24641E+11,37974826,77.85723,18513,20319,83804000
Poland,2018,5.8878E+11,37974750,76.93317,18536,21043,85946000
Poland,2019,5.96058E+11,37965475,76.38122,18538,22056,88515000
Portugal,2013,2.26434E+11,10457295,,2544.349,3649,9177000
Portugal,2014,2.29902E+11,10401062,,2545.96,3852,10497000
Portugal,2015,1.99394E+11,10358076,76.36078,2545.96,3957,11723000
Portugal,2016,2.06426E+11,10325452,76.66433,2545.96,4146,13359000
Portugal,2017,2.21358E+11,10300300,76.50889,2545.96,4391,15432000
Portugal,2018,2.42313E+11,10283822,76.44344,2545.96,4487,16186000
Portugal,2019,2.39987E+11,10286263,76.46616,2526.149,4964.014,17283000
Puerto Rico,2013,1.0245E+11,3593077,,,,4210000
Puerto Rico,2014,1.02446E+11,3534874,,,,4456000
Puerto Rico,2015,1.03376E+11,3473232,68.67446,,,5051000
Puerto Rico,2016,1.04337E+11,3406672,69.28139,,,5003000
Puerto Rico,2017,1.03446E+11,3325286,69.82224,,,4927000
Puerto Rico,2018,1.00958E+11,3193354,70.01875,,,4260000
Puerto Rico,2019,1.05126E+11,3193694,70.06962,,,4931000
Qatar,2013,1.98728E+11,2035501,,,,2612000
Qatar,2014,2.06225E+11,2214465,,,,2839000
Qatar,2015,1.6174E+11,2414573,66.49467,,,2941000
Qatar,2016,1.51732E+11,2595166,65.41549,,,2938000
Qatar,2017,1.61099E+11,2711755,66.02767,,,2256000
Qatar,2018,1.83335E+11,2766732,66.70677,,,1819000
Qatar,2019,1.76371E+11,2807235,68.66573,,,2136500
Romania,2013,1.89789E+11,19983693,,10768,4411,8019000
Romania,2014,1.99714E+11,19908979,,10770,4976,8442000
Romania,2015,1.77884E+11,19815616,72.72233,10770,5149,9331000
Romania,2016,1.85288E+11,19702267,72.85135,10766,4988,10223000
Romania,2017,2.10147E+11,19588715,73.04132,10766,5663,10926000
Romania,2018,2.43316E+11,19473970,72.51292,10765,5577,11720000
Romania,2019,2.51018E+11,19371648,73.3332,10759,5906,12815000
Russian Federation,2013,2.29247E+12,143506995,,85266,138517,30792000
Russian Federation,2014,2.05924E+12,143819667,,84581,128820,32421000
Russian Federation,2015,1.36348E+12,144096870,74.09598,85262,120413,33729000
Russian Federation,2016,1.27679E+12,144342397,75.25999,85375,124461,24571000
Russian Federation,2017,1.5742E+12,144496739,76.54336,85545,122920,24390000
Russian Federation,2018,1.65733E+12,144477859,77.40044,85626,129370.701,24551000
Russian Federation,2019,1.69311E+12,144406261,78.16284,85494,133380.866,24419000
Rwanda,2013,7820052084,11101350,,,,1122000
Rwanda,2014,8239042500,11368451,,,,1220000
Rwanda,2015,8543869360,11642959,67.05448,,,1298000
Rwanda,2016,8695318854,11930899,68.97118,,,1377000
Rwanda,2017,9252833678,12230339,71.07347,,,1570000
Rwanda,2018,9636510839,12531808,75.37431,,,1711000
Rwanda,2019,10346675636,12835028,76.48282,,,1634000
Samoa,2013,797736265.9,199939,,,,125000
Samoa,2014,796683672.8,201757,,,,132000
Samoa,2015,824150487.2,203571,60.21082,,,139000
Samoa,2016,843924750.7,205544,60.03645,,,146000
Samoa,2017,884844419.8,207630,62.05797,,,158000
Samoa,2018,878448439.5,209701,62.06781,,,172000
Samoa,2019,912950619.4,211905,62.07404,,,181000
San Marino,2013,1678741202,33285,,,,1905000
San Marino,2014,1673910988,33389,,,,2004000
San Marino,2015,1419400404,33570,61.37859,,,1888000
San Marino,2016,1468342431,33834,61.93725,,,2000000
San Marino,2017,1528621195,34056,61.8841,,,1937000
San Marino,2018,1655354304,34156,64.15819,,,1874000
San Marino,2019,1616188702,34178,64.19133,,,1904000
Sao Tome and Principe,2013,300554483.6,193757,,,,
Sao Tome and Principe,2014,346528329.2,197497,,,,
Sao Tome and Principe,2015,316066072.3,201124,43.77009,,,25600.00038
Sao Tome and Principe,2016,345495615,204632,44.2853,,,28899.99962
Sao Tome and Principe,2017,375614126.2,208036,44.67002,,,28899.99962
Sao Tome and Principe,2018,412253809.7,211344,44.97215,,,33400.00153
Sao Tome and Principe,2019,427425039.7,214599,44.9711,,,
Saudi Arabia,2013,7.53865E+11,31482498,,,,19934000
Saudi Arabia,2014,7.66606E+11,32125564,,,,23010000
Saudi Arabia,2015,6.69484E+11,32749848,59.16318,,,21834000
Saudi Arabia,2016,6.66E+11,33416270,59.44422,,,20887000
Saudi Arabia,2017,7.14995E+11,34193122,62.08336,2620,49.67,18607000
Saudi Arabia,2018,8.46584E+11,35018133,63.84761,2939,134.65,17570000
Saudi Arabia,2019,8.38565E+11,35827362,70.87175,,,20292000
Senegal,2013,18918667731,13595566,,,,1069000
Senegal,2014,19797253445,13970308,,,,976000
Senegal,2015,17774766697,14356181,49.55865,,,1014000
Senegal,2016,19040312331,14751356,50.27484,,,1219000
Senegal,2017,20996562959,15157793,54.01704,,,1376000
Senegal,2018,23116701540,15574909,54.37982,,,
Senegal,2019,23403995985,16000781,59.275,,,
Serbia,2013,48394239475,7164132,,3809,612,922000
Serbia,2014,47062202241,7130576,,3809,453,1029000
Serbia,2015,39655949731,7095383,69.96245,3809,509,1132000
Serbia,2016,40692661657,7058322,73.27635,3736,438,1281000
Serbia,2017,44179075779,7020858,73.75306,3736,377,1497000
Serbia,2018,50640662860,6982604,73.92341,3724.468,347,1711000
Serbia,2019,51514242776,6945235,75.65345,3724.468,285,1847000
Seychelles,2013,1324915222,89949,,,,237000
Seychelles,2014,1387576414,91359,,,,239000
Seychelles,2015,1391427967,93419,58.95821,,,296000
Seychelles,2016,1458954110,94677,60.50169,,,333000
Seychelles,2017,1529773287,95843,61.51062,,,382000
Seychelles,2018,1587813245,96762,61.50211,,,405000
Seychelles,2019,1645090567,97625,61.70497,,,428000
Sierra Leone,2013,4920343203,6964859,,,,95000
Sierra Leone,2014,5015180836,7140688,,,,53000
Sierra Leone,2015,4252029354,7314773,46.8995,,,31000
Sierra Leone,2016,3862721205,7493913,47.21918,,,60000
Sierra Leone,2017,3719443318,7677565,47.08868,,,59000
Sierra Leone,2018,4085114542,7861281,47.24268,,,66000
Sierra Leone,2019,4076578654,8046828,47.45831,,,71000
Singapore,2013,3.07576E+11,5399162,,,,15568000
Singapore,2014,3.14864E+11,5469724,,,,15095000
Singapore,2015,3.07999E+11,5535002,84.89222,,,15231500
Singapore,2016,3.1903E+11,5607283,85.44138,,,16403000
Singapore,2017,3.43273E+11,5612253,85.57215,,,17425000
Singapore,2018,3.7687E+11,5638676,85.84348,,,18508000
Singapore,2019,3.76837E+11,5703569,86.1981,,,19116000
Sint Maarten (Dutch part),2013,1022905028,36607,,,,2253000
Sint Maarten (Dutch part),2014,1245251397,37685,,,,2502000
Sint Maarten (Dutch part),2015,1253072626,38825,,,,2407000
Sint Maarten (Dutch part),2016,1263687151,39969,,,,2197000
Sint Maarten (Dutch part),2017,1191620112,40574,,,,1640000
Sint Maarten (Dutch part),2018,1185474860,40895,,,,1775000
Sint Maarten (Dutch part),2019,1459776536,41608,,,,1952000
Slovak Republic,2013,98935222175,5413393,,3631.306,2485,12583000
Slovak Republic,2014,1.01437E+11,5418649,,3627.102,2583,11556000
Slovak Republic,2015,88900883131,5423801,74.84151,3626.369,3411,14936000
Slovak Republic,2016,89952699525,5430798,75.03118,3626.297,3595,17376000
Slovak Republic,2017,95649966261,5439232,75.15124,3626.441,3873,15406000
Slovak Republic,2018,1.06138E+11,5446771,75.445,3626.611,3915,15299000
Slovak Republic,2019,1.0571E+11,5454147,75.58542,3629.154,4093,
Slovenia,2013,48415657265,2059953,,1209.09,760,2502000
Slovenia,2014,49997186439,2061980,,1209.05,697,2675000
Slovenia,2015,43107506024,2063531,74.71274,1209.044,709,3022000
Slovenia,2016,44766722791,2065042,75.41048,1209.044,680,3397000
Slovenia,2017,48589100043,2066388,76.39486,1209.05,650,3991000
Slovenia,2018,54177882426,2073894,76.4142,1209,656,4425000
Slovenia,2019,54331588482,2088385,76.51751,1209,698,4702000
Solomon Islands,2013,1285911569,582365,,,,24399.99962
Solomon Islands,2014,1335571357,597375,,,,20100.00038
Solomon Islands,2015,1307909891,612660,54.71827,,,21600.00038
Solomon Islands,2016,1379490315,628102,55.11571,,,23200.00076
Solomon Islands,2017,1469789050,643634,54.87857,,,25700.00076
Solomon Islands,2018,1615478421,659249,55.20356,,,27899.99962
Solomon Islands,2019,1619154958,674993,55.26279,,,28899.99962
Somalia,2013,4577000012,12852485,,,,
Somalia,2014,5024999992,13309235,,,,
Somalia,2015,5335000000,13763906,20.23995,,,
Somalia,2016,5534000000,14292847,20.28589,,,
Somalia,2017,5609000000,14864221,19.9777,,,
Somalia,2018,5856000006,15411094,20.04146,,,
Somalia,2019,6485000000,15981300,20.03958,,,
South Africa,2013,4.00886E+11,53873616,,,550.15,14318000
South Africa,2014,3.81199E+11,54729551,,,14270,14530000
South Africa,2015,3.4671E+11,55876504,66.24035,20953,13704,13952000
South Africa,2016,3.23586E+11,56422274,65.40686,20953,11837,15121000
South Africa,2017,3.81449E+11,56641209,65.32778,20953,9821.328,14975000
South Africa,2018,4.04159E+11,57339635,66.69548,20953,7113.744,15004000
South Africa,2019,3.88531E+11,58087055,67.01897,20953,5504.426,14797000
South Sudan,2013,18426469017,11106031,,,,
South Sudan,2014,13962212847,11213284,,,,
South Sudan,2015,11997800760,11194299,32.83657,,,
South Sudan,2016,,11066105,32.69356,,,
South Sudan,2017,,10658226,31.64063,,,
South Sudan,2018,,10395329,33.64187,,,
South Sudan,2019,,10447666,34.62285,,,
Spain,2013,1.35558E+12,46620045,,15582,23788,103231000
Spain,2014,1.37182E+12,46480882,,15506,25072,107144000
Spain,2015,1.19616E+12,46444832,75.92621,15711,26142,109834000
Spain,2016,1.23355E+12,46484062,77.63075,15650,26670,115561000
Spain,2017,1.31325E+12,46593236,77.62772,15559,27487,121717000
Spain,2018,1.4217E+12,46797754,77.69995,15618,28434,124456000
Spain,2019,1.39432E+12,47134837,77.93588,15718,28835,126170000
Sri Lanka,2013,77000578207,21131756,,1254.23,6257.38,1415000
Sri Lanka,2014,82528535573,21239457,,,,1665000
Sri Lanka,2015,85140955517,21336697,59.18186,1567,7407.39,1993000
Sri Lanka,2016,88012281910,21425494,59.82373,1561.706,,2168000
Sri Lanka,2017,94376237832,21506813,59.95122,1562,,2248000
Sri Lanka,2018,94493871351,21670000,61.75867,1562,,2521000
Sri Lanka,2019,89014978319,21803000,61.80614,1562,,2027000
St. Kitts and Nevis,2013,874896296.3,47767,,,,695000
St. Kitts and Nevis,2014,953170370.4,47789,,,,818000
St. Kitts and Nevis,2015,957037037,47790,55.59384,,,1036000
St. Kitts and Nevis,2016,1008100000,47788,54.42189,,,1055000
St. Kitts and Nevis,2017,1058944444,47785,54.60143,,,1194000
St. Kitts and Nevis,2018,1076922222,47761,54.60701,,,1278000
St. Kitts and Nevis,2019,1107844444,47712,54.63689,,,1107000
St. Lucia,2013,1660222222,173978,,,,921000
St. Lucia,2014,1749296296,174804,,,,987000
St. Lucia,2015,1807222222,175623,63.50018,,,1031000
St. Lucia,2016,1865444444,176413,63.47845,,,948000
St. Lucia,2017,1996703704,177163,63.57439,,,1064000
St. Lucia,2018,2057074074,177888,63.62984,,,1165000
St. Lucia,2019,2094185185,178583,63.6504,,,1220000
St. Martin (French part),2013,,35639,,,,
St. Martin (French part),2014,772921756.3,35261,,,,
St. Martin (French part),2015,,35020,,,,
St. Martin (French part),2016,,34811,,,,
St. Martin (French part),2017,,34496,,,,
St. Martin (French part),2018,,33852,,,,
St. Martin (French part),2019,,33121,,,,
St. Vincent and the Grenadines,2013,764781259.3,107450,,,,200000
St. Vincent and the Grenadines,2014,770901436.4,106912,,,,205000
St. Vincent and the Grenadines,2015,786554580.8,106482,57.07066,,,207000
St. Vincent and the Grenadines,2016,814302267.1,105963,56.96928,,,227000
St. Vincent and the Grenadines,2017,844039068.8,105549,56.97521,,,303000
St. Vincent and the Grenadines,2018,884328180.5,105281,56.98254,,,356000
St. Vincent and the Grenadines,2019,910765709.8,104924,57.0869,,,392000
Sudan,2013,66027147865,35990704,,4313,7.2,591000
Sudan,2014,76818773785,37003245,,4313,81.5,684000
Sudan,2015,84984672416,38171178,45.52208,,,741000
Sudan,2016,1.02944E+11,39377169,44.82494,,,800000
Sudan,2017,1.29719E+11,40679828,45.00301,,,813000
Sudan,2018,32333780383,41999059,48.01814,2747,,836000
Sudan,2019,32338079165,43232093,44.82932,2747,,
Suriname,2013,5145757576,563947,,,,250000
Suriname,2014,5240606061,569682,,,,253000
Suriname,2015,5126238146,575475,46.42834,,,229000
Suriname,2016,3317421500,581453,47.39893,,,257000
Suriname,2017,3591679371,587559,47.40665,,,279000
Suriname,2018,3996198760,593715,47.43149,,,
Suriname,2019,4016040575,600301,47.46427,,,
Sweden,2013,5.86842E+11,9600379,,9765,11842,10980000
Sweden,2014,5.81964E+11,9696110,,9689,12121,10522000
Sweden,2015,5.05104E+11,9799186,81.63208,9716,12650,6482000
Sweden,2016,5.15655E+11,9923085,82.15071,9684,12800,6782000
Sweden,2017,5.41019E+11,10057698,82.17491,9684,13331,7054000
Sweden,2018,5.55455E+11,10175214,82.01848,9708,13546.79825,7440000
Sweden,2019,5.3388E+11,10278887,81.99155,9701,14617.20723,7616000
Switzerland,2013,7.06235E+11,8089346,,3611.016,19447,8967000
Switzerland,2014,7.26538E+11,8188649,,4018.719,20010,9158000
Switzerland,2015,6.94118E+11,8282396,76.42844,3976.315,20389,9305000
Switzerland,2016,6.87895E+11,8373338,76.42092,4034.485,20812,10402000
Switzerland,2017,6.95201E+11,8451840,76.60784,4050.523,20864.5,11133000
Switzerland,2018,7.25563E+11,8514329,76.61632,4046.845537,20613,11715000
Switzerland,2019,7.21369E+11,8575280,76.61864,3647.245487,21737,11818000
Syrian Arab Republic,2013,21361254648,21495821,,,1223,
Syrian Arab Republic,2014,21502061462,20072232,,,,
Syrian Arab Republic,2015,16468399180,19205178,42.96399,,,
Syrian Arab Republic,2016,12598742887,18964252,41.37479,,,1043000
Syrian Arab Republic,2017,16369724433,18983373,41.44563,,,1291000
Syrian Arab Republic,2018,21496337968,19333463,41.47442,,,1802000
Syrian Arab Republic,2019,22600896352,20098251,41.96812,,,2424000
Tajikistan,2013,8448410727,8136610,,587,,208000
Tajikistan,2014,9112606075,8326348,,597,18,213000
Tajikistan,2015,8271431932,8524063,51.84299,597,16,414000
Tajikistan,2016,6992416097,8725318,53.43689,620,18.4,344000
Tajikistan,2017,7536403147,8925525,54.34213,620,28,431000
Tajikistan,2018,7765000282,9128132,55.38718,620,33,1035000
Tajikistan,2019,8300813890,9337003,61.26761,620,28.1,
Tanzania,2013,45680532614,49253643,,,,1096000
Tanzania,2014,49964825081,50814552,,,,1140000
Tanzania,2015,47378603784,52542823,49.69225,,,1137000
Tanzania,2016,49774004999,54401802,53.86676,,,1284000
Tanzania,2017,53275968095,56267032,53.98306,2701,,1327000
Tanzania,2018,57003686049,58090443,54.28952,,,1506000
Tanzania,2019,61026765850,59872579,54.46329,,,1527000
Thailand,2013,4.20334E+11,69578602,,,,26547000
Thailand,2014,4.07339E+11,69960943,,,,24810000
Thailand,2015,4.01296E+11,70294397,71.94455,3742,6181,29923000
Thailand,2016,4.13366E+11,70607037,72.79843,3742,,32530000
Thailand,2017,4.56357E+11,70898202,78.45338,4092,6020,35592000
Thailand,2018,5.06754E+11,71127802,79.51709,,,38178000
Thailand,2019,5.43977E+11,71307763,80.09233,,,39916000
Timor-Leste,2013,1395519600,1161555,,,,79000
Timor-Leste,2014,1447310400,1184830,,,,60000
Timor-Leste,2015,1594447600,1205813,39.3307,,,61599.99847
Timor-Leste,2016,1650619400,1224562,38.17997,,,65599.99847
Timor-Leste,2017,1595724300,1243235,37.98983,,,73900.00153
Timor-Leste,2018,1563887900,1261845,39.69791,,,74599.99847
Timor-Leste,2019,2028551600,1280438,39.36487,,,74800.00305
Togo,2013,5872790935,7106229,,,,327000
Togo,2014,6217047649,7288383,,,,282000
Togo,2015,5681469374,7473229,46.92875,,,273000
Togo,2016,6031632015,7661354,48.10323,,,338000
Togo,2017,6395472028,7852795,48.7524,,,514000
Togo,2018,7029217932,8046679,55.26888,,,573000
Togo,2019,6992656429,8243094,62.28934,,,876000
Tonga,2013,450650718.2,107089,,,,59700.00076
Tonga,2014,439877675.7,106626,,,,65800.00305
Tonga,2015,437003006.7,106122,61.32947,,,72599.99847
Tonga,2016,420548768.1,105707,61.14383,,,86699.99695
Tonga,2017,460374252.2,105415,61.57496,,,86599.99847
Tonga,2018,488906860.9,105150,61.65064,,,77300.00305
Tonga,2019,512053639.8,104951,61.38921,,,94000
Trinidad and Tobago,2013,28557451150,1440729,,,,467000
Trinidad and Tobago,2014,29489012807,1450661,,,,455000
Trinidad and Tobago,2015,26851970249,1460177,61.41725,,,519000
Trinidad and Tobago,2016,23496215881,1469330,61.34535,,,492000
Trinidad and Tobago,2017,23797686962,1478607,61.15191,,,465000
Trinidad and Tobago,2018,24322359037,1504709,61.03242,,,501000
Trinidad and Tobago,2019,23849557811,1519955,61.29128,,,480000
Tunisia,2013,48685436425,11300284,,,,7352000
Tunisia,2014,50271812921,11428948,,2244,1298,7163000
Tunisia,2015,45779494042,11557779,64.56559,2244,1246,5359000
Tunisia,2016,44360065797,11685667,65.54085,2244,1235,5724000
Tunisia,2017,42163530591,11811443,65.29842,2165,1164,7052000
Tunisia,2018,42686509836,11933041,67.22278,1777,1109,8299000
Tunisia,2019,41905637659,12049314,68.65706,1777,1023,9429000
Turkiye,2013,9.57799E+11,76576117,,9718,6225,39861000
Turkiye,2014,9.38934E+11,78112073,,10087,7401,41627000
Turkiye,2015,8.64314E+11,79646178,69.14468,10131,8326,41114000
Turkiye,2016,8.69683E+11,81019394,69.37882,10131,7829,30907000
Turkiye,2017,8.58989E+11,82089826,70.9145,10207,8465,37970000
Turkiye,2018,7.78477E+11,82809304,75.25248,10315,8938,46113000
Turkiye,2019,7.59935E+11,83481684,76.79104,10378,14259,51747000
Turkmenistan,2013,39197543860,5560095,,3115,,
Turkmenistan,2014,43524210526,5663152,,3115,1811,
Turkmenistan,2015,35799714286,5766431,,6230,2326,
Turkmenistan,2016,36169428571,5868561,,6230,2336,
Turkmenistan,2017,37926285714,5968383,,7680,2340,
Turkmenistan,2018,40765428571,6065066,,7680,,
Turkmenistan,2019,44220285714,6158420,,,,
Turks and Caicos Islands,2013,754238000,33594,,,,1069000
Turks and Caicos Islands,2014,841070000,34985,,,,1330000
Turks and Caicos Islands,2015,942070000,36538,,,,1316000
Turks and Caicos Islands,2016,1032452000,38246,,,,1296000
Turks and Caicos Islands,2017,1022365000,39844,,,,1243000
Turks and Caicos Islands,2018,1113178000,41487,,,,1463000
Turks and Caicos Islands,2019,1197415000,43080,,,,1599000
Tuvalu,2013,38615887.03,10918,,,,1299.999952
Tuvalu,2014,38760972.42,10899,,,,1399.999976
Tuvalu,2015,36811928.82,10877,,,,2400.000095
Tuvalu,2016,41629064.97,10852,,,,2500
Tuvalu,2017,45276606,10828,,,,2500
Tuvalu,2018,48015219.95,10865,,,,3200.000048
Tuvalu,2019,54123195.27,10956,,,,3599.999905
Uganda,2013,28915786520,35273570,,,,1206000
Uganda,2014,32612397253,36336539,,,,1266000
Uganda,2015,32387183733,37477356,56.6304,,,1303000
Uganda,2016,29203988697,38748299,57.28983,,,1323000
Uganda,2017,30744473840,40127085,57.87464,,,1402000
Uganda,2018,32927025621,41515395,58.38634,,,1506000
Uganda,2019,35348155092,42949080,59.9818,,,1543000
Ukraine,2013,1.90499E+11,45489648,,21625.9,48981,26025000
Ukraine,2014,1.33504E+11,45272155,,21625.9,35865,13227000
Ukraine,2015,91030968761,45154036,64.18277,20975.23,35367,13025000
Ukraine,2016,93355868978,45004673,65.41773,21603,36839,13734000
Ukraine,2017,1.12091E+11,44831135,68.08579,21625.9,28075,14579000
Ukraine,2018,1.30891E+11,44622518,69.07387,21625.9,28685,14342000
Ukraine,2019,1.53883E+11,44386203,70.2106,21625.9,28413,13710000
United Arab Emirates,2013,4.00219E+11,8751847,,,,
United Arab Emirates,2014,4.14105E+11,8835951,,,,
United Arab Emirates,2015,3.70275E+11,8916899,76.28546,,,19313000
United Arab Emirates,2016,3.69255E+11,8994263,77.43435,,,20894000
United Arab Emirates,2017,3.90517E+11,9068296,79.30036,,,21805000
United Arab Emirates,2018,4.27049E+11,9140169,81.58883,279,,23092000
United Arab Emirates,2019,4.1799E+11,9211657,80.75261,261,,25282000
United Kingdom,2013,2.78632E+12,64128273,,15861,70703.517,33567000
United Kingdom,2014,3.06522E+12,64602298,,16532.1,73714.966,35337000
United Kingdom,2015,2.93486E+12,65116219,83.33719,16245.1,76060.135,36792000
United Kingdom,2016,2.69966E+12,65611593,83.34108,16257,78228.912,39129000
United Kingdom,2017,2.68349E+12,66058859,83.21535,16294,79496.193,41080000
United Kingdom,2018,2.87815E+12,66460344,83.55123,16295,80980.168,40283000
United Kingdom,2019,2.85706E+12,66836327,83.54968,16295,82550.43026,40857000
United States,2013,1.68432E+13,316059947,,154321.5,36047.10494,179309906.3
United States,2014,1.75507E+13,318386329,,152932.6,36393.10649,178311359.4
United States,2015,1.8206E+13,320738994,83.59247,151735,36043.87568,176864531.3
United States,2016,1.86951E+13,323071755,83.58991,151270,35892.15736,175261484.4
United States,2017,1.94773E+13,325122128,83.59008,150966,33256,174291750
United States,2018,2.05331E+13,326838199,83.57395,150462.2976,31963,169324921.9
United States,2019,2.1381E+13,328329953,83.99668,149488.6469,32483,165478000
Uruguay,2013,61337620936,3381180,,,,3242000
Uruguay,2014,61496186974,3391662,,1498,8,3195000
Uruguay,2015,57680328702,3402818,60.1749,1498,8,3286000
Uruguay,2016,57480788380,3413766,60.68692,1498,,3632000
Uruguay,2017,65006047680,3422200,61.031,1498,,4219000
Uruguay,2018,65203071111,3427042,61.36826,1498,,3954000
Uruguay,2019,62048585619,3428409,61.53994,1498,,3480000
Uzbekistan,2013,73180037913,30243200,,4186,,1969000
Uzbekistan,2014,80845385816,30757700,,4202,3760,1862000
Uzbekistan,2015,86196264742,31298900,61.6759,4238,3758,1918000
Uzbekistan,2016,86138288633,31847900,62.09399,4304,3934,2027000
Uzbekistan,2017,62081322741,32388600,66.61398,4642,4294,2690000
Uzbekistan,2018,52870108218,32956100,67.75199,4642,4329,5346000
Uzbekistan,2019,60283503705,33580350,69.87898,4735,4385,6749000
Vanuatu,2013,758304466.3,263534,,,,357000
Vanuatu,2014,772315986.5,269927,,,,329000
Vanuatu,2015,730870805.2,276438,59.34431,,,287000
Vanuatu,2016,780889605.9,283218,60.9024,,,351600.0061
Vanuatu,2017,880061831,290239,60.92111,,,332700.0122
Vanuatu,2018,914736985.4,297298,60.72518,,,350200.0122
Vanuatu,2019,936526267.6,304404,61.05191,,,256000
"Venezuela, RB",2013,3.71005E+11,29838021,,,,1085000
"Venezuela, RB",2014,4.82359E+11,30193258,,,,967000
"Venezuela, RB",2015,,30529716,34.12824,,,882000
"Venezuela, RB",2016,,30741464,31.12013,,,681000
"Venezuela, RB",2017,,30563433,30.03484,,,429000
"Venezuela, RB",2018,,29825653,32.14349,,,
"Venezuela, RB",2019,,28971683,30.23634,,,
Vietnam,2013,2.13709E+11,90267739,,2347,4548,7572000
Vietnam,2014,2.33451E+11,91235504,,3186,4252.58,7874000
Vietnam,2015,2.39258E+11,92191398,62.60371,3186,4233.88,7944000
Vietnam,2016,2.57096E+11,93126529,65.28861,2581,3416,10013000
Vietnam,2017,2.81354E+11,94033048,66.9796,2367,3657,12922000
Vietnam,2018,3.10106E+11,94914330,68.56869,2382,3542,15498000
Vietnam,2019,3.34365E+11,95776716,69.76594,2481,3185,18009000
Virgin Islands (U.S.),2013,3738000000,108041,,,,2702000
Virgin Islands (U.S.),2014,3565000000,107882,,,,2814000
Virgin Islands (U.S.),2015,3663000000,107712,,,,2643000
Virgin Islands (U.S.),2016,3798000000,107516,,,,2574000
Virgin Islands (U.S.),2017,3794000000,107281,,,,1954000
Virgin Islands (U.S.),2018,3922000000,107001,,,,1922000
Virgin Islands (U.S.),2019,4117000000,106669,,,,2074000
West Bank and Gaza,2013,13515500000,4076708,,,,545000
West Bank and Gaza,2014,13989700000,4173398,,,,556000
West Bank and Gaza,2015,13972400000,4270092,54.17414,,,432000
West Bank and Gaza,2016,15405400000,4367088,55.48372,,,400000
West Bank and Gaza,2017,16128000000,4454805,59.27638,,,503000
West Bank and Gaza,2018,16276600000,4569087,59.66608,,,606000
West Bank and Gaza,2019,17133500000,4685306,59.97873,,,688000
"Yemen, Rep.",2013,40415233436,26984002,,,,1323000
"Yemen, Rep.",2014,43228585321,27753304,,,,1218000
"Yemen, Rep.",2015,42444489461,28516545,38.4318,,,398000
"Yemen, Rep.",2016,31317824906,29274002,31.20833,,,
"Yemen, Rep.",2017,26842231205,30034389,31.26677,,,
"Yemen, Rep.",2018,21606161066,30790513,30.67289,,,
"Yemen, Rep.",2019,,31546691,31.76299,,,
Zambia,2013,28037239463,15234976,,,,915000
Zambia,2014,27141023558,15737793,,,,947000
Zambia,2015,21251216799,16248230,60.45046,,,932000
Zambia,2016,20958412538,16767761,60.25434,,,956000
Zambia,2017,25873601261,17298054,64.23311,1248,4.268,1009000
Zambia,2018,26311506435,17835893,65.7117,1248,4.185,1072000
Zambia,2019,23308667781,18380477,66.93648,1248,,1266000
Zimbabwe,2013,19091020000,13555422,,,,1833000
Zimbabwe,2014,19495519600,13855753,,,,1880000
Zimbabwe,2015,19963120600,14154937,47.80355,,,2057000
Zimbabwe,2016,20548678100,14452704,47.79435,,,2168000
Zimbabwe,2017,17584890937,14751101,48.58986,,,2423000
Zimbabwe,2018,34156069918,15052184,50.50998,3120,98,2580000
Zimbabwe,2019,21832234926,15354608,54.46935,3120,206,2294000
